screen_dir,uniprot,domain,pocket,n_conf,median_jaccard,min_jaccard,worst_conf,worst_conf_agreement,n_res_median,auc_z,flag
AF-O00329-F1-model_v4_0_0,O00329,0,0,5,0.601,0.486,3_5ukj,0.54,25,0.898171,
AF-O14757-F1-model_v4_0_0,O14757,0,0,5,0.607,0.415,4_6gjb,0.569,26,0.82864,
AF-O14757-F1-model_v4_0_2,O14757,0,2,5,0.387,0.315,2_4i5h,0.342,36,0.968342,LOW_AGREEMENT
AF-O14965-F1-model_v4_0_1,O14965,0,1,3,0.615,0.488,1_4bb4,0.552,37,0.647739,
AF-O14965-F1-model_v4_0_2,O14965,0,2,1,,,,,23,0.544563,single_conf
AF-O14965-F1-model_v4_0_3,O14965,0,3,5,0.805,0.727,2_3hmp,0.756,18,0.951603,
AF-O14965-F1-model_v4_0_6,O14965,0,6,4,0.531,0.444,1_4eh8,0.447,29,0.685551,
AF-O14965-F1-model_v4_0_9,O14965,0,9,4,0.647,0.611,0_5os5,0.611,14,0.949495,
AF-O43318-F1-model_v4_0_0,O43318,0,0,5,0.558,0.377,4_3v3v,0.481,37,0.941971,
AF-O43318-F1-model_v4_0_1,O43318,0,1,5,0.543,0.463,1_3hll,0.512,28,0.840025,
AF-O43318-F1-model_v4_0_3,O43318,0,3,5,0.548,0.412,3_6anl,0.475,36,0.902113,
AF-O43318-F1-model_v4_0_4,O43318,0,4,2,0.771,0.771,0_1bmk,0.771,31,0.791569,
AF-O43318-F1-model_v4_0_7,O43318,0,7,2,0.955,0.955,0_6npv,0.955,21,0.834549,
AF-O60674-F1-model_v4_1_1,O60674,1,1,4,0.427,0.341,2_4ytc,0.414,24,0.839082,LOW_AGREEMENT
AF-O75469-F1-model_v4_0_0,O75469,0,0,4,0.592,0.39,0_4ql8,0.463,31,0.995491,
AF-O75469-F1-model_v4_0_1,O75469,0,1,5,0.541,0.246,0_6an1,0.311,36,0.971273,
AF-O75469-F1-model_v4_0_4,O75469,0,4,5,0.912,0.886,2_5c4s,0.912,32,0.977576,
AF-O75469-F1-model_v4_0_5,O75469,0,5,1,,,,,39,0.916787,single_conf
AF-O75676-F1-model_v4_0_1,O75676,0,1,5,0.594,0.5,1_2cgw,0.515,30,0.829396,
AF-O75676-F1-model_v4_0_2,O75676,0,2,3,0.727,0.667,0_3ms9,0.697,20,0.872617,
AF-O75676-F1-model_v4_1_0,O75676,1,0,5,0.624,0.39,0_4at5,0.523,26,0.567365,
AF-O75676-F1-model_v4_1_1,O75676,1,1,2,0.725,0.725,0_4m12,0.725,34,0.83169,
AF-O75676-F1-model_v4_1_2,O75676,1,2,5,0.657,0.524,0_2ewa,0.601,27,0.611234,
AF-O75676-F1-model_v4_1_3,O75676,1,3,4,0.647,0.429,2_5ih8,0.5,20,0.692455,
AF-O94804-F1-model_v4_0_0,O94804,0,0,5,0.508,0.357,4_6hkm,0.45,31,0.823472,
AF-O94804-F1-model_v4_0_5,O94804,0,5,2,0.957,0.957,0_6npu,0.957,22,0.822002,
AF-P00533-F1-model_v4_1_0,P00533,1,0,5,0.704,0.5,3_4yhf,0.605,26,0.918053,
AF-P00533-F1-model_v4_1_1,P00533,1,1,5,0.476,0.088,2_6p1d,0.178,32,0.877919,LOW_AGREEMENT
AF-P00533-F1-model_v4_1_2,P00533,1,2,2,0.62,0.62,0_1wbt,0.62,40,0.98567,
AF-P00533-F1-model_v4_1_4,P00533,1,4,2,0.607,0.607,0_5a6n,0.607,22,0.553104,
AF-P04049-F1-model_v4_0_3,P04049,0,3,5,0.609,0.509,0_3ewh,0.576,39,0.939992,
AF-P04049-F1-model_v4_0_7,P04049,0,7,2,0.656,0.656,0_3k5v,0.656,26,0.768092,
AF-P06241-F1-model_v4_0_0,P06241,0,0,1,,,,,27,0.993169,single_conf
AF-P06493-F1-model_v4_0_0,P06493,0,0,5,0.551,0.41,3_5ttu,0.516,26,0.407081,
AF-P07948-F1-model_v4_0_0,P07948,0,0,1,,,,,21,0.919747,single_conf
AF-P07948-F1-model_v4_0_1,P07948,0,1,1,,,,,39,0.929762,single_conf
AF-P08069-F1-model_v4_2_0,P08069,2,0,3,0.536,0.484,2_3anq,0.51,23,0.806531,
AF-P08069-F1-model_v4_2_1,P08069,2,1,4,0.563,0.42,0_3p7b,0.489,37,0.983864,
AF-P08069-F1-model_v4_2_11,P08069,2,11,1,,,,,13,0.911427,single_conf
AF-P08069-F1-model_v4_2_2,P08069,2,2,5,0.493,0.394,3_5csp,0.408,28,0.595186,LOW_AGREEMENT
AF-P08069-F1-model_v4_2_6,P08069,2,6,4,0.702,0.571,1_3hrf,0.581,24,0.793976,
AF-P08069-F1-model_v4_2_7,P08069,2,7,1,,,,,33,0.985193,single_conf
AF-P09619-F1-model_v4_0_0,P09619,0,0,5,0.6,0.462,2_4d0w,0.512,29,0.800378,
AF-P09619-F1-model_v4_0_2,P09619,0,2,5,0.635,0.519,1_3hrf,0.596,19,0.718618,
AF-P11309-F1-model_v4_0_0,P11309,0,0,5,0.691,0.581,0_5uox,0.672,26,0.904474,
AF-P17252-F1-model_v4_0_0,P17252,0,0,4,0.605,0.447,4_2obj,0.559,29,0.359263,
AF-P17252-F1-model_v4_0_3,P17252,0,3,5,0.586,0.372,4_1bmk,0.461,31,0.84144,
AF-P17252-F1-model_v4_0_5,P17252,0,5,4,0.699,0.576,0_5mrd,0.606,26,0.800098,
AF-P17612-F1-model_v4_0_0,P17612,0,0,5,0.656,0.583,0_5auz,0.642,25,0.750911,
AF-P17612-F1-model_v4_0_1,P17612,0,1,5,0.474,0.326,4_3mvl,0.358,29,0.812148,LOW_AGREEMENT
AF-P17612-F1-model_v4_0_3,P17612,0,3,3,0.529,0.528,3_5mqv,0.529,33,0.799889,
AF-P17612-F1-model_v4_0_6,P17612,0,6,3,0.821,0.793,0_6hd4,0.807,26,0.81323,
AF-P19784-F1-model_v4_0_0,P19784,0,0,5,0.539,0.432,1_4deg,0.508,26,0.845001,
AF-P19784-F1-model_v4_0_2,P19784,0,2,4,0.396,0.381,1_4w4y,0.383,30,0.970484,LOW_AGREEMENT
AF-P19784-F1-model_v4_0_4,P19784,0,4,5,0.596,0.455,1_4twc,0.475,17,0.886723,
AF-P19784-F1-model_v4_0_6,P19784,0,6,3,0.552,0.552,0_3ms9,0.552,27,0.719849,
AF-P23443-F1-model_v4_0_0,P23443,0,0,5,0.573,0.412,0_3pp0,0.475,29,0.901651,
AF-P23443-F1-model_v4_0_2,P23443,0,2,4,0.656,0.459,3_5obr,0.528,27,0.902795,
AF-P23443-F1-model_v4_0_3,P23443,0,3,3,0.88,0.846,1_6npv,0.863,24,0.884196,
AF-P23443-F1-model_v4_0_4,P23443,0,4,2,0.342,0.342,0_4zsl,0.342,25,0.915916,LOW_AGREEMENT
AF-P23443-F1-model_v4_0_5,P23443,0,5,5,0.586,0.316,1_4fic,0.388,23,0.885875,
AF-P24941-F1-model_v4_0_0,P24941,0,0,4,0.5,0.415,0_4itj,0.421,27,0.930825,
AF-P24941-F1-model_v4_0_3,P24941,0,3,2,0.731,0.731,3_5orr,0.731,22,0.82518,
AF-P24941-F1-model_v4_0_5,P24941,0,5,3,0.68,0.652,1_6npu,0.666,20,0.93081,
AF-P31749-F1-model_v4_0_0,P31749,0,0,4,0.62,0.468,1_4hcv,0.553,34,0.788462,
AF-P31749-F1-model_v4_0_4,P31749,0,4,1,,,,,20,0.938084,single_conf
AF-P35968-F1-model_v4_0_0,P35968,0,0,5,0.552,0.439,4_3e64,0.52,27,0.842794,
AF-P35968-F1-model_v4_0_1,P35968,0,1,3,0.548,0.405,3_3hv7,0.477,25,0.968617,
AF-P35968-F1-model_v4_0_2,P35968,0,2,3,0.607,0.533,1_3ms9,0.57,25,0.912079,
AF-P35968-F1-model_v4_3_0,P35968,3,0,3,0.677,0.571,3_5vm0,0.624,29,0.900227,
AF-P35968-F1-model_v4_4_0,P35968,4,0,4,0.608,0.419,0_5vm6,0.438,21,0.546024,
AF-P42336-F1-model_v4_0_0,P42336,0,0,5,0.635,0.474,1_3qk0,0.579,27,0.939323,
AF-P42338-F1-model_v4_0_0,P42338,0,0,5,0.619,0.485,4_3oaw,0.569,25,0.85804,
AF-P48736-F1-model_v4_0_0,P48736,0,0,3,0.63,0.531,4_4ps7,0.58,24,0.800388,
AF-P49137-F1-model_v4_0_0,P49137,0,0,5,0.641,0.553,3_2x81,0.579,29,0.776663,
AF-P49137-F1-model_v4_0_1,P49137,0,1,2,0.102,0.102,0_4m12,0.102,32,0.805979,LOW_AGREEMENT
AF-P49841-F1-model_v4_0_0,P49841,0,0,5,0.545,0.41,1_4pp7,0.455,32,0.703783,
AF-P49841-F1-model_v4_0_4,P49841,0,4,5,0.625,0.45,0_6c2y,0.512,30,0.762517,
AF-P49841-F1-model_v4_0_6,P49841,0,6,3,0.583,0.536,0_5csp,0.56,23,0.647569,
AF-P50613-F1-model_v4_0_0,P50613,0,0,5,0.554,0.4,0_4h1j,0.453,33,0.819315,
AF-P50750-F1-model_v4_0_1,P50750,0,1,4,0.438,0.261,2_4hvs,0.321,32,0.68522,LOW_AGREEMENT
AF-P50750-F1-model_v4_0_3,P50750,0,3,5,0.353,0.246,4_4g31,0.316,36,0.529116,LOW_AGREEMENT
AF-P50750-F1-model_v4_0_5,P50750,0,5,4,0.678,0.481,0_5cu2,0.5,22,0.815541,
AF-P50750-F1-model_v4_0_6,P50750,0,6,2,0.4,0.4,0_4dlj,0.4,28,0.923448,LOW_AGREEMENT
AF-P51955-F1-model_v4_0_0,P51955,0,0,5,0.546,0.435,2_6hkn,0.494,32,0.873971,
AF-P51955-F1-model_v4_0_1,P51955,0,1,5,0.479,0.414,1_5d9l,0.422,23,0.83602,LOW_AGREEMENT
AF-P54756-F1-model_v4_0_0,P54756,0,0,5,0.603,0.435,4_3kfa,0.518,28,0.90764,
AF-P54756-F1-model_v4_0_4,P54756,0,4,3,0.459,0.395,2_3huc,0.427,27,0.898925,LOW_AGREEMENT
AF-P54756-F1-model_v4_0_9,P54756,0,9,1,,,,,25,0.974504,single_conf
AF-P54760-F1-model_v4_0_4,P54760,0,4,4,0.661,0.559,1_3pyy,0.618,26,0.970746,
AF-P54760-F1-model_v4_0_5,P54760,0,5,2,0.667,0.667,0_5orr,0.667,25,0.769681,
AF-P54760-F1-model_v4_3_1,P54760,3,1,1,,,,,27,0.946224,single_conf
AF-P80192-F1-model_v4_0_0,P80192,0,0,5,0.531,0.405,4_3fc1,0.477,27,0.862481,
AF-P80192-F1-model_v4_0_1,P80192,0,1,4,0.608,0.405,1_4itj,0.475,33,0.891894,
AF-P80192-F1-model_v4_0_6,P80192,0,6,4,0.548,0.362,2_2ewa,0.37,28,0.615415,
AF-Q00534-F1-model_v4_0_0,Q00534,0,0,4,0.597,0.441,4_1vjy,0.515,25,0.740576,
AF-Q00534-F1-model_v4_0_1,Q00534,0,1,4,0.239,0.189,3_4zsg,0.22,26,0.761391,LOW_AGREEMENT
AF-Q00534-F1-model_v4_0_3,Q00534,0,3,5,0.488,0.156,4_1w7h,0.387,34,0.660147,LOW_AGREEMENT
AF-Q00534-F1-model_v4_0_6,Q00534,0,6,3,0.607,0.562,1_5ort,0.585,25,0.794632,
AF-Q02750-F1-model_v4_0_0,Q02750,0,0,5,0.572,0.4,2_4ztq,0.533,30,0.923797,
AF-Q02750-F1-model_v4_0_1,Q02750,0,1,4,0.596,0.549,0_4x7l,0.58,38,0.959391,
AF-Q02750-F1-model_v4_0_3,Q02750,0,3,2,0.773,0.773,2_5orr,0.773,19,0.830668,
AF-Q02750-F1-model_v4_0_6,Q02750,0,6,2,0.906,0.906,0_4m0z,0.906,30,0.748825,
AF-Q04759-F1-model_v4_0_0,Q04759,0,0,5,0.622,0.488,1_3iph,0.539,33,0.922787,
AF-Q04759-F1-model_v4_0_1,Q04759,0,1,4,0.534,0.474,2_4eh8,0.513,32,0.666254,
AF-Q04759-F1-model_v4_0_2,Q04759,0,2,5,0.591,0.327,4_4i4f,0.409,28,0.708212,
AF-Q04759-F1-model_v4_0_3,Q04759,0,3,1,,,,,26,0.910323,single_conf
AF-Q04759-F1-model_v4_0_4,Q04759,0,4,3,0.706,0.559,1_3huc,0.632,27,0.737827,
AF-Q04759-F1-model_v4_0_5,Q04759,0,5,3,0.618,0.606,2_5obr,0.612,25,0.727347,
AF-Q06418-F1-model_v4_0_0,Q06418,0,0,5,0.48,0.405,3_6c2y,0.457,28,0.771125,LOW_AGREEMENT
AF-Q06418-F1-model_v4_0_4,Q06418,0,4,3,0.76,0.621,2_3ms9,0.69,23,0.864264,
AF-Q06418-F1-model_v4_2_0,Q06418,2,0,1,,,,,25,0.86561,single_conf
AF-Q06418-F1-model_v4_2_1,Q06418,2,1,5,0.38,0.3,4_5o1i,0.356,21,0.811556,LOW_AGREEMENT
AF-Q13043-F1-model_v4_0_1,Q13043,0,1,4,0.824,0.76,1_3ms9,0.769,23,0.911536,
AF-Q13131-F1-model_v4_0_0,Q13131,0,0,5,0.638,0.444,2_4nw6,0.573,24,0.907403,
AF-Q13131-F1-model_v4_0_2,Q13131,0,2,3,0.778,0.714,2_3nus,0.746,17,0.913643,
AF-Q13177-F1-model_v4_0_0,Q13177,0,0,4,0.602,0.472,1_6hmr,0.511,34,0.818078,
AF-Q13177-F1-model_v4_0_2,Q13177,0,2,1,,,,,25,0.949247,single_conf
AF-Q13177-F1-model_v4_0_3,Q13177,0,3,5,0.546,0.444,0_5bq0,0.477,21,0.807559,
AF-Q13177-F1-model_v4_0_4,Q13177,0,4,4,0.448,0.22,3_3vbv,0.231,29,0.693216,LOW_AGREEMENT
AF-Q13177-F1-model_v4_0_5,Q13177,0,5,1,,,,,25,0.553995,single_conf
AF-Q13464-F1-model_v4_0_0,Q13464,0,0,5,0.702,0.513,2_5he0,0.544,28,0.842536,
AF-Q14994-F1-model_v4_0_8,Q14994,0,8,1,,,,,20,0.589574,single_conf
AF-Q15418-F1-model_v4_0_0,Q15418,0,0,5,0.544,0.325,4_1w7h,0.427,25,0.430188,
AF-Q15418-F1-model_v4_0_4,Q15418,0,4,2,0.655,0.655,0_5os5,0.655,24,0.937832,
AF-Q15418-F1-model_v4_1_0,Q15418,1,0,4,0.678,0.514,2_5ax9,0.562,27,0.878865,
AF-Q15418-F1-model_v4_1_4,Q15418,1,4,2,0.867,0.867,0_4m0z,0.867,28,0.861441,
AF-Q16539-F1-model_v4_0_0,Q16539,0,0,5,0.576,0.356,1_2hz0,0.42,27,0.923779,
AF-Q16539-F1-model_v4_0_1,Q16539,0,1,4,0.596,0.5,2_4twp,0.516,21,0.787448,
AF-Q16539-F1-model_v4_0_2,Q16539,0,2,4,0.887,0.786,2_6hd4,0.857,25,0.963189,
AF-Q16539-F1-model_v4_0_3,Q16539,0,3,3,0.8,0.722,0_5orr,0.761,31,0.929991,
AF-Q8IU85-F1-model_v4_0_0,Q8IU85,0,0,5,0.546,0.3,2_4bdk,0.344,24,0.828684,
AF-Q8IW41-F1-model_v4_0_0,Q8IW41,0,0,5,0.39,0.204,3_1wbv,0.36,34,0.393445,LOW_AGREEMENT
AF-Q8IW41-F1-model_v4_0_2,Q8IW41,0,2,5,0.547,0.436,2_3unj,0.488,30,0.882329,
AF-Q96GD4-F1-model_v4_0_0,Q96GD4,0,0,5,0.686,0.605,4_4l7f,0.62,28,0.893117,
AF-Q96GD4-F1-model_v4_0_6,Q96GD4,0,6,1,,,,,24,0.935647,single_conf
AF-Q96SB4-F1-model_v4_0_2,Q96SB4,0,2,2,0.213,0.213,0_3new,0.213,28,0.775883,LOW_AGREEMENT
AF-Q99683-F1-model_v4_1_0,Q99683,1,0,5,0.519,0.439,0_4at5,0.5,28,0.721168,
AF-Q99683-F1-model_v4_1_1,Q99683,1,1,3,0.564,0.5,1_6n6o,0.532,30,0.847671,
AF-Q9H4B4-F1-model_v4_0_0,Q9H4B4,0,0,5,0.619,0.405,4_3anr,0.517,25,0.748639,
AF-Q9H4B4-F1-model_v4_0_2,Q9H4B4,0,2,4,0.564,0.365,2_4itj,0.5,37,0.963505,
AF-Q9HBH9-F1-model_v4_0_0,Q9HBH9,0,0,4,0.519,0.409,0_6sfj,0.489,27,0.945502,
AF-Q9HBH9-F1-model_v4_0_1,Q9HBH9,0,1,5,0.629,0.5,0_5toz,0.596,24,0.878737,
AF-Q9HBH9-F1-model_v4_0_5,Q9HBH9,0,5,4,0.401,0.281,1_3v01,0.35,27,0.631051,LOW_AGREEMENT
AF-Q9HCP0-F1-model_v4_0_0,Q9HCP0,0,0,5,0.555,0.432,0_5ml5,0.5,27,0.539761,
AF-Q9HCP0-F1-model_v4_0_1,Q9HCP0,0,1,3,0.576,0.562,2_4dea,0.569,27,0.603995,
AF-Q9HCP0-F1-model_v4_0_6,Q9HCP0,0,6,2,0.821,0.821,0_6npu,0.821,25,0.914812,
AF-Q9NWZ3-F1-model_v4_0_4,Q9NWZ3,0,4,4,0.755,0.565,3_5orw,0.591,18,0.544506,
AF-Q9UBF8-F1-model_v4_0_0,Q9UBF8,0,0,5,0.641,0.564,3_6gvi,0.584,36,0.669689,
AF-Q9UEE5-F1-model_v4_0_0,Q9UEE5,0,0,5,0.661,0.594,1_3dkf,0.613,26,0.834091,
AF-Q9UEE5-F1-model_v4_0_1,Q9UEE5,0,1,5,0.656,0.467,3_6npt,0.484,37,0.973859,
AF-Q9UEE5-F1-model_v4_0_3,Q9UEE5,0,3,3,0.71,0.541,1_1w7h,0.625,27,0.621439,
AF-Q9UEE5-F1-model_v4_0_7,Q9UEE5,0,7,1,,,,,30,0.855775,single_conf
AF-Q9UM73-F1-model_v4_1_0,Q9UM73,1,0,5,0.589,0.486,1_6g9m,0.532,26,0.811894,
AF-Q9UM73-F1-model_v4_1_1,Q9UM73,1,1,4,0.533,0.489,0_2osc,0.5,33,0.970263,
