screen_dir,pocket_key,uniprot,domain,pocket,conf,pdb_id,het_code,n_lig_true,n_res_true,n_atoms_true,n_res_cur,n_atoms_cur,res_ratio,iou,centroid_offset,align_rmsd,align_len,over_crop_true,over_crop_cur,auc_z,ef5pct_z,flag
AF-O00329-F1-model_v4_0_0,AF-O00329-F1-model-v4-0-0-0-6gvf-complex-refined_LIG_L_1,O00329,0,0,0_6gvf,6gvf,FE5,23,23,195,35,293,0.657,0.6111,2.263,3.853,792,0,1,0.327644,0.130686,
AF-O00329-F1-model_v4_0_0,AF-O00329-F1-model-v4-0-0-1-2x38-complex-refined_LIG_L_1,O00329,0,0,1_2x38,2x38,IC8,30,26,218,34,287,0.765,0.6216,1.569,1.801,808,0,1,0.327644,0.130686,
AF-O00329-F1-model_v4_0_0,AF-O00329-F1-model-v4-0-0-2-4v0i-complex-refined_LIG_L_1,O00329,0,0,2_4v0i,4v0i,J82,26,24,210,34,287,0.706,0.5676,1.539,2.517,600,0,1,0.327644,0.130686,
AF-O00329-F1-model_v4_0_0,AF-O00329-F1-model-v4-0-0-3-5ukj-complex-refined_LIG_L_1,O00329,0,0,3_5ukj,5ukj,3K6,31,25,207,33,277,0.758,0.5676,1.301,2.574,680,0,1,0.327644,0.130686,
AF-O00329-F1-model_v4_0_0,AF-O00329-F1-model-v4-0-0-4-4wwo-complex-refined_LIG_L_1,O00329,0,0,4_4wwo,4wwo,3VD,30,27,230,34,287,0.794,0.6944,1.646,3.41,664,0,1,0.327644,0.130686,
AF-O14757-F1-model_v4_0_0,AF-O14757-F1-model-v4-0-0-0-3e62-complex-refined_LIG_L_1,O14757,0,0,0_3e62,3e62,5B1,11,19,139,42,323,0.452,0.4186,2.754,4.11,256,0,1,0.186839,0,
AF-O14757-F1-model_v4_0_0,AF-O14757-F1-model-v4-0-0-1-4hvi-complex-refined_LIG_L_1,O14757,0,0,1_4hvi,4hvi,19S,25,27,199,41,311,0.659,0.619,2.135,3.808,248,0,1,0.186839,0,
AF-O14757-F1-model_v4_0_0,AF-O14757-F1-model-v4-0-0-2-4cfv-complex-refined_LIG_L_1,O14757,0,0,2_4cfv,4cfv,75X,26,26,201,42,323,0.619,0.5814,1.085,2.75,256,0,1,0.186839,0,
AF-O14757-F1-model_v4_0_0,AF-O14757-F1-model-v4-0-0-3-5icp-complex-refined_LIG_L_1,O14757,0,0,3_5icp,5icp,69Z,23,19,152,42,323,0.452,0.4524,2.715,4.176,248,0,1,0.186839,0,
AF-O14757-F1-model_v4_0_0,AF-O14757-F1-model-v4-0-0-4-6gjb-complex-refined_LIG_L_1,O14757,0,0,4_6gjb,6gjb,F0H,47,39,309,39,291,1.0,0.6596,2.856,3.975,264,1,1,0.186839,0,
AF-O14757-F1-model_v4_0_2,AF-O14757-F1-model-v4-0-2-0-3pvw-complex-refined_LIG_L_1,O14757,0,2,0_3pvw,3pvw,QRX,34,32,248,39,297,0.821,0.7317,2.234,2.949,248,0,1,0.498929,0.555416,
AF-O14757-F1-model_v4_0_2,AF-O14757-F1-model-v4-0-2-1-5he2-complex-refined_LIG_L_1,O14757,0,2,1_5he2,5he2,F0S,41,36,278,39,297,0.923,0.7045,2.24,3.019,248,1,1,0.498929,0.555416,
AF-O14757-F1-model_v4_0_2,AF-O14757-F1-model-v4-0-2-2-4i5h-complex-refined_LIG_L_1,O14757,0,2,2_4i5h,4i5h,G17,34,39,309,38,292,1.026,0.4808,4.097,4.428,152,1,1,0.498929,0.555416,
AF-O14757-F1-model_v4_0_2,AF-O14757-F1-model-v4-0-2-3-5uuu-complex-refined_LIG_L_1,O14757,0,2,3_5uuu,5uuu,QRW,45,35,262,39,297,0.897,0.7209,3.603,3.04,248,1,1,0.498929,0.555416,
AF-O14757-F1-model_v4_0_2,AF-O14757-F1-model-v4-0-2-4-6hkm-complex-refined_LIG_L_1,O14757,0,2,4_6hkm,6hkm,G92,33,40,327,40,308,1.0,0.5385,4.298,4.479,240,1,1,0.498929,0.555416,
AF-O14965-F1-model_v4_0_1,AF-O14965-F1-model-v4-0-1-0-6n3n-complex-refined_LIG_L_1,O14965,0,1,0_6n3n,6n3n,KA4,31,38,303,,,,,4.748,3.545,232,1,,0.334636,0.145949,
AF-O14965-F1-model_v4_0_1,AF-O14965-F1-model-v4-0-1-1-4bb4-complex-refined_LIG_L_1,O14965,0,1,1_4bb4,4bb4,32W,30,26,205,,,,,4.49,3.46,248,0,,0.334636,0.145949,
AF-O14965-F1-model_v4_0_1,AF-O14965-F1-model-v4-0-1-2-4kin-complex-refined_LIG_L_1,O14965,0,1,2_4kin,4kin,1M8,28,37,302,,,,,2.228,4.393,248,1,,0.334636,0.145949,
AF-O14965-F1-model_v4_0_2,AF-O14965-F1-model-v4-0-2-0-1w7h-complex-refined_LIG_L_1,O14965,0,2,0_1w7h,1w7h,3IP,15,23,187,,,,,2.342,4.325,240,0,,0.449617,0.962326,
AF-O14965-F1-model_v4_0_3,AF-O14965-F1-model-v4-0-3-0-3vf9-complex-refined_LIG_L_1,O14965,0,3,0_3vf9,3vf9,477,21,20,151,,,,,1.352,2.674,240,0,,0.594165,1.30402,
AF-O14965-F1-model_v4_0_3,AF-O14965-F1-model-v4-0-3-1-4qp7-complex-refined_LIG_L_1,O14965,0,3,1_4qp7,4qp7,363,14,18,135,,,,,2.015,2.941,248,0,,0.594165,1.30402,
AF-O14965-F1-model_v4_0_3,AF-O14965-F1-model-v4-0-3-2-3hmp-complex-refined_LIG_L_1,O14965,0,3,2_3hmp,3hmp,CX4,16,22,168,,,,,2.094,3.339,240,0,,0.594165,1.30402,
AF-O14965-F1-model_v4_0_3,AF-O14965-F1-model-v4-0-3-3-4bdi-complex-refined_LIG_L_1,O14965,0,3,3_4bdi,4bdi,HAU,19,18,136,,,,,2.027,3.491,144,0,,0.594165,1.30402,
AF-O14965-F1-model_v4_0_3,AF-O14965-F1-model-v4-0-3-4-6g91-complex-refined_LIG_L_1,O14965,0,3,4_6g91,6g91,EQW,14,17,127,,,,,1.361,3.261,240,0,,0.594165,1.30402,
AF-O14965-F1-model_v4_0_6,AF-O14965-F1-model-v4-0-6-0-3pp1-complex-refined_LIG_L_1,O14965,0,6,0_3pp1,3pp1,IZG,28,28,234,,,,,1.751,3.098,240,0,,0.507041,0.805167,
AF-O14965-F1-model_v4_0_6,AF-O14965-F1-model-v4-0-6-1-4eh8-complex-refined_LIG_L_1,O14965,0,6,1_4eh8,4eh8,0OP,16,24,196,,,,,2.631,3.674,240,0,,0.507041,0.805167,
AF-O14965-F1-model_v4_0_6,AF-O14965-F1-model-v4-0-6-3-3orn-complex-refined_LIG_L_1,O14965,0,6,3_3orn,3orn,3OR,32,31,262,,,,,2.273,2.988,240,1,,0.507041,0.805167,
AF-O14965-F1-model_v4_0_6,AF-O14965-F1-model-v4-0-6-4-4zjj-complex-refined_LIG_L_1,O14965,0,6,4_4zjj,4zjj,4OR,32,31,260,,,,,4.021,3.332,240,1,,0.507041,0.805167,
AF-O14965-F1-model_v4_0_9,AF-O14965-F1-model-v4-0-9-0-5os5-complex-refined_LIG_L_1,O14965,0,9,0_5os5,5os5,A8K,15,14,128,,,,,2.15,0.7,248,0,,0.246331,0,
AF-O14965-F1-model_v4_0_9,AF-O14965-F1-model-v4-0-9-1-4xx9-complex-refined_LIG_L_1,O14965,0,9,1_4xx9,4xx9,RF4,25,15,134,,,,,1.732,2.283,248,0,,0.246331,0,
AF-O14965-F1-model_v4_0_9,AF-O14965-F1-model-v4-0-9-2-4rqv-complex-refined_LIG_L_1,O14965,0,9,2_4rqv,4rqv,R2S,23,15,137,,,,,0.71,1.431,248,0,,0.246331,0,
AF-O14965-F1-model_v4_0_9,AF-O14965-F1-model-v4-0-9-3-5orv-complex-refined_LIG_L_1,O14965,0,9,3_5orv,5orv,A65,11,13,115,,,,,0.567,0.704,248,0,,0.246331,0,
AF-O43318-F1-model_v4_0_0,AF-O43318-F1-model-v4-0-0-0-4kao-complex-refined_LIG_L_1,O43318,0,0,0_4kao,4kao,KAO,32,37,291,,,,,3.241,2.825,240,1,,0.545943,3.61814,
AF-O43318-F1-model_v4_0_0,AF-O43318-F1-model-v4-0-0-1-4n4s-complex-refined_LIG_L_1,O43318,0,0,1_4n4s,4n4s,2H1,32,38,291,,,,,2.417,4.136,232,1,,0.545943,3.61814,
AF-O43318-F1-model_v4_0_0,AF-O43318-F1-model-v4-0-0-2-3hv5-complex-refined_LIG_L_1,O43318,0,0,2_3hv5,3hv5,R24,40,44,339,,,,,2.675,4.073,232,1,,0.545943,3.61814,
AF-O43318-F1-model_v4_0_0,AF-O43318-F1-model-v4-0-0-3-4mxc-complex-refined_LIG_L_1,O43318,0,0,3_4mxc,4mxc,DWF,42,37,275,,,,,1.771,3.224,248,1,,0.545943,3.61814,
AF-O43318-F1-model_v4_0_0,AF-O43318-F1-model-v4-0-0-4-3v3v-complex-refined_LIG_L_1,O43318,0,0,4_3v3v,3v3v,MYU,23,29,215,,,,,3.26,3.854,232,0,,0.545943,3.61814,
AF-O43318-F1-model_v4_0_1,AF-O43318-F1-model-v4-0-1-0-3nuu-complex-refined_LIG_L_1,O43318,0,1,0_3nuu,3nuu,JOZ,11,18,133,,,,,1.525,4.304,248,0,,0.289209,0.263092,
AF-O43318-F1-model_v4_0_1,AF-O43318-F1-model-v4-0-1-1-3hll-complex-refined_LIG_L_1,O43318,0,1,1_3hll,3hll,I45,30,33,251,,,,,1.766,3.506,232,0,,0.289209,0.263092,
AF-O43318-F1-model_v4_0_1,AF-O43318-F1-model-v4-0-1-2-3i7c-complex-refined_LIG_L_1,O43318,0,1,2_3i7c,3i7c,BK2,24,28,213,,,,,2.497,3.389,232,0,,0.289209,0.263092,
AF-O43318-F1-model_v4_0_1,AF-O43318-F1-model-v4-0-1-3-6ib0-complex-refined_LIG_L_1,O43318,0,1,3_6ib0,6ib0,H8Z,22,28,209,,,,,0.396,3.107,248,0,,0.289209,0.263092,
AF-O43318-F1-model_v4_0_1,AF-O43318-F1-model-v4-0-1-4-1ke7-complex-refined_LIG_L_1,O43318,0,1,4_1ke7,1ke7,LS3,28,27,195,,,,,2.209,3.784,240,0,,0.289209,0.263092,
AF-O43318-F1-model_v4_0_3,AF-O43318-F1-model-v4-0-3-0-5bve-complex-refined_LIG_L_1,O43318,0,3,0_5bve,5bve,4VG,34,34,246,,,,,2.022,3.701,232,0,,0.678636,0.769038,
AF-O43318-F1-model_v4_0_3,AF-O43318-F1-model-v4-0-3-1-6hmp-complex-refined_LIG_L_1,O43318,0,3,1_6hmp,6hmp,GEW,43,37,280,,,,,2.028,4.404,240,1,,0.678636,0.769038,
AF-O43318-F1-model_v4_0_3,AF-O43318-F1-model-v4-0-3-2-3ubd-complex-refined_LIG_L_1,O43318,0,3,2_3ubd,3ubd,SL0,37,37,274,,,,,2.611,4.015,192,1,,0.678636,0.769038,
AF-O43318-F1-model_v4_0_3,AF-O43318-F1-model-v4-0-3-3-6anl-complex-refined_LIG_L_1,O43318,0,3,3_6anl,6anl,T75,29,36,268,,,,,5.115,5.196,216,1,,0.678636,0.769038,offset=5.1A;rmsd=5.2A
AF-O43318-F1-model_v4_0_3,AF-O43318-F1-model-v4-0-3-4-5zz4-complex-refined_LIG_L_1,O43318,0,3,4_5zz4,5zz4,9M3,42,36,263,,,,,1.346,2.596,240,1,,0.678636,0.769038,
AF-O43318-F1-model_v4_0_4,AF-O43318-F1-model-v4-0-4-0-1bmk-complex-refined_LIG_L_1,O43318,0,4,0_1bmk,1bmk,SB5,23,31,230,,,,,3.208,3.93,232,0,,0.419737,0,
AF-O43318-F1-model_v4_0_4,AF-O43318-F1-model-v4-0-4-1-3huc-complex-refined_LIG_L_1,O43318,0,4,1_3huc,3huc,G97,27,31,235,,,,,3.403,4.516,224,0,,0.419737,0,
AF-O43318-F1-model_v4_0_7,AF-O43318-F1-model-v4-0-7-0-6npv-complex-refined_LIG_L_1,O43318,0,7,0_6npv,6npv,KWP,25,22,180,,,,,1.925,3.217,240,0,,0.537074,0.372577,
AF-O43318-F1-model_v4_0_7,AF-O43318-F1-model-v4-0-7-1-6npu-complex-refined_LIG_L_1,O43318,0,7,1_6npu,6npu,KWV,17,21,169,,,,,2.093,3.23,240,0,,0.537074,0.372577,
AF-O60674-F1-model_v4_1_1,AF-O60674-F1-model-v4-1-1-1-2ewa-complex-refined_LIG_L_1,O60674,1,1,1_2ewa,2ewa,SB2,54,32,257,37,284,0.865,0.4681,4.073,3.376,232,1,1,0.56856,0.709042,
AF-O60674-F1-model_v4_1_1,AF-O60674-F1-model-v4-1-1-2-4ytc-complex-refined_LIG_L_1,O60674,1,1,2_4ytc,4ytc,4HW,26,23,181,39,306,0.59,0.5897,1.419,1.194,280,0,1,0.56856,0.709042,
AF-O60674-F1-model_v4_1_1,AF-O60674-F1-model-v4-1-1-3-4z7h-complex-refined_LIG_L_1,O60674,1,1,3_4z7h,4z7h,4L5,24,25,198,38,295,0.658,0.6579,1.291,3.572,240,0,1,0.56856,0.709042,
AF-O60674-F1-model_v4_1_1,AF-O60674-F1-model-v4-1-1-4-5csp-complex-refined_LIG_L_1,O60674,1,1,4_5csp,5csp,54G,11,18,144,37,287,0.486,0.4474,2.548,3.758,256,0,1,0.56856,0.709042,
AF-O75469-F1-model_v4_0_0,AF-O75469-F1-model-v4-0-0-0-4ql8-complex-refined_LIG_L_1,O75469,0,0,0_4ql8,4ql8,JAD,21,22,193,33,286,0.667,0.6667,3.048,5.562,192,0,1,0.50743,0,rmsd=5.6A
AF-O75469-F1-model_v4_0_0,AF-O75469-F1-model-v4-0-0-1-5k13-complex-refined_LIG_L_1,O75469,0,0,1_5k13,5k13,6Q7,34,35,307,33,286,1.061,0.4468,1.453,3.933,184,1,1,0.50743,0,
AF-O75469-F1-model_v4_0_0,AF-O75469-F1-model-v4-0-0-2-3vrw-complex-refined_LIG_L_1,O75469,0,0,2_3vrw,3vrw,YS5,35,38,338,37,323,1.027,0.5957,2.284,4.821,184,1,1,0.50743,0,
AF-O75469-F1-model_v4_0_0,AF-O75469-F1-model-v4-0-0-3-3v49-complex-refined_LIG_L_1,O75469,0,0,3_3v49,3v49,PK0,28,28,247,35,300,0.8,0.5,2.426,5.711,192,0,1,0.50743,0,rmsd=5.7A
AF-O75469-F1-model_v4_0_0,AF-O75469-F1-model-v4-0-0-4-2i4p-complex-refined_LIG_L_1,O75469,0,0,4_2i4p,2i4p,DRH,33,0,0,37,317,0.0,0.0,39.231,5.894,232,0,1,0.50743,0,offset=39.2A;rmsd=5.9A
AF-O75469-F1-model_v4_0_1,AF-O75469-F1-model-v4-0-1-0-6an1-complex-refined_LIG_L_1,O75469,0,1,0_6an1,6an1,BKY,58,35,306,26,228,1.346,0.4186,4.089,6.73,200,1,0,0.410498,0,rmsd=6.7A
AF-O75469-F1-model_v4_0_1,AF-O75469-F1-model-v4-0-1-1-4xt9-complex-refined_LIG_L_1,O75469,0,1,1_4xt9,4xt9,43V,34,36,317,26,228,1.385,0.3778,2.89,5.439,192,1,0,0.410498,0,rmsd=5.4A
AF-O75469-F1-model_v4_0_1,AF-O75469-F1-model-v4-0-1-2-6g07-complex-refined_LIG_L_1,O75469,0,1,2_6g07,6g07,EEZ,31,33,288,27,235,1.222,0.3333,2.803,5.011,192,1,0,0.410498,0,rmsd=5.0A
AF-O75469-F1-model_v4_0_1,AF-O75469-F1-model-v4-0-1-3-6cn5-complex-refined_LIG_L_1,O75469,0,1,3_6cn5,6cn5,F7M,35,41,355,29,251,1.414,0.3462,4.396,4.73,184,1,0,0.410498,0,
AF-O75469-F1-model_v4_0_1,AF-O75469-F1-model-v4-0-1-4-6r7j-complex-refined_LIG_L_1,O75469,0,1,4_6r7j,6r7j,JUN,35,36,315,27,237,1.333,0.4,1.805,6.913,192,1,0,0.410498,0,rmsd=6.9A
AF-O75469-F1-model_v4_0_4,AF-O75469-F1-model-v4-0-4-0-5c4u-complex-refined_LIG_L_1,O75469,0,4,0_5c4u,5c4u,4Y7,33,32,257,23,197,1.391,0.4103,0.98,5.183,192,1,0,0.481799,0,rmsd=5.2A
AF-O75469-F1-model_v4_0_4,AF-O75469-F1-model-v4-0-4-1-6sal-complex-refined_LIG_L_1,O75469,0,4,1_6sal,6sal,L3E,32,32,254,23,197,1.391,0.4103,0.978,4.962,192,0,0,0.481799,0,
AF-O75469-F1-model_v4_0_4,AF-O75469-F1-model-v4-0-4-2-5c4s-complex-refined_LIG_L_1,O75469,0,4,2_5c4s,5c4s,4Y5,33,33,264,24,205,1.375,0.3571,1.63,5.294,192,1,0,0.481799,0,rmsd=5.3A
AF-O75469-F1-model_v4_0_4,AF-O75469-F1-model-v4-0-4-3-5c4t-complex-refined_LIG_L_1,O75469,0,4,3_5c4t,5c4t,4Y6,66,32,257,23,197,1.391,0.4103,0.847,4.914,192,1,0,0.481799,0,
AF-O75469-F1-model_v4_0_4,AF-O75469-F1-model-v4-0-4-4-5c4o-complex-refined_LIG_L_1,O75469,0,4,4_5c4o,5c4o,4F1,31,33,263,23,197,1.435,0.4,0.889,5.155,192,1,0,0.481799,0,rmsd=5.2A
AF-O75469-F1-model_v4_0_5,AF-O75469-F1-model-v4-0-5-0-2i4j-complex-refined_LIG_L_1,O75469,0,5,0_2i4j,2i4j,DRJ,33,0,0,32,280,0.0,0.0,38.75,6.084,224,0,1,0.519894,0.526184,offset=38.8A;rmsd=6.1A
AF-O75469-F1-model_v4_0_5,AF-O75469-F1-model-v4-0-5-1-5xpl-complex-refined_LIG_L_1,O75469,0,5,1_5xpl,5xpl,8C9,39,39,337,34,299,1.147,0.46,2.925,5.041,184,1,1,0.519894,0.526184,rmsd=5.0A
AF-O75676-F1-model_v4_0_1,AF-O75676-F1-model-v4-0-1-0-4mao-complex-refined_LIG_L_1,O75676,0,1,0_4mao,4mao,28D,30,30,235,27,202,1.111,0.6286,0.941,3.794,128,0,0,0.476856,0.946508,
AF-O75676-F1-model_v4_0_1,AF-O75676-F1-model-v4-0-1-1-2cgw-complex-refined_LIG_L_1,O75676,0,1,1_2cgw,2cgw,3C3,20,21,157,27,203,0.778,0.5484,3.304,4.368,200,0,0,0.476856,0.946508,
AF-O75676-F1-model_v4_0_1,AF-O75676-F1-model-v4-0-1-2-2pvm-complex-refined_LIG_L_1,O75676,0,1,2_2pvm,2pvm,P29,26,31,224,27,203,1.148,0.5676,2.515,4.2,224,0,0,0.476856,0.946508,
AF-O75676-F1-model_v4_0_1,AF-O75676-F1-model-v4-0-1-3-3et7-complex-refined_LIG_L_1,O75676,0,1,3_3et7,3et7,349,37,30,230,26,192,1.154,0.5556,1.762,3.543,224,0,0,0.476856,0.946508,
AF-O75676-F1-model_v4_0_1,AF-O75676-F1-model-v4-0-1-4-4btm-complex-refined_LIG_L_1,O75676,0,1,4_4btm,4btm,F8E,21,21,164,28,212,0.75,0.6333,1.132,3.91,224,0,0,0.476856,0.946508,
AF-O75676-F1-model_v4_0_2,AF-O75676-F1-model-v4-0-2-0-3ms9-complex-refined_LIG_L_1,O75676,0,2,0_3ms9,3ms9,MS9,12,18,158,9,80,2.0,0.4211,3.594,4.927,216,0,0,0.736009,5.115,
AF-O75676-F1-model_v4_0_2,AF-O75676-F1-model-v4-0-2-1-3k5v-complex-refined_LIG_L_1,O75676,0,2,1_3k5v,3k5v,STJ,27,20,177,9,72,2.222,0.3182,2.971,4.774,216,0,0,0.736009,5.115,
AF-O75676-F1-model_v4_0_2,AF-O75676-F1-model-v4-0-2-2-6npv-complex-refined_LIG_L_1,O75676,0,2,2_6npv,6npv,KWP,25,27,225,9,81,3.0,0.3333,1.465,4.281,224,0,0,0.736009,5.115,
AF-O75676-F1-model_v4_1_0,AF-O75676-F1-model-v4-1-0-0-4at5-complex-refined_LIG_L_1,O75676,1,0,0_4at5,4at5,MUJ,27,34,257,26,195,1.308,0.5385,3.497,4.209,232,1,0,0.34379,0.151477,
AF-O75676-F1-model_v4_1_0,AF-O75676-F1-model-v4-1-0-1-3qtq-complex-refined_LIG_L_1,O75676,1,0,1_3qtq,3qtq,X35,18,23,174,24,176,0.958,0.8077,1.418,3.467,216,0,0,0.34379,0.151477,
AF-O75676-F1-model_v4_1_0,AF-O75676-F1-model-v4-1-0-2-3rhk-complex-refined_LIG_L_1,O75676,1,0,2_3rhk,3rhk,M97,28,26,190,24,176,1.083,0.8519,1.941,3.932,232,0,0,0.34379,0.151477,
AF-O75676-F1-model_v4_1_0,AF-O75676-F1-model-v4-1-0-3-3prf-complex-refined_LIG_L_1,O75676,1,0,3_3prf,3prf,FP3,24,27,206,24,176,1.125,0.7,0.398,3.915,232,0,0,0.34379,0.151477,
AF-O75676-F1-model_v4_1_0,AF-O75676-F1-model-v4-1-0-4-4oti-complex-refined_LIG_L_1,O75676,1,0,4_4oti,4oti,MI1,23,23,174,25,187,0.92,0.7143,1.114,2.879,224,0,0,0.34379,0.151477,
AF-O75676-F1-model_v4_1_1,AF-O75676-F1-model-v4-1-1-0-4m12-complex-refined_LIG_L_1,O75676,1,1,0_4m12,4m12,1YZ,25,31,246,7,58,4.429,0.1875,0.942,3.678,224,0,0,0.522481,0.662817,
AF-O75676-F1-model_v4_1_1,AF-O75676-F1-model-v4-1-1-4-4zjj-complex-refined_LIG_L_1,O75676,1,1,4_4zjj,4zjj,4OR,32,38,303,9,74,4.222,0.175,1.486,4.17,232,1,0,0.522481,0.662817,
AF-O75676-F1-model_v4_1_2,AF-O75676-F1-model-v4-1-2-0-2ewa-complex-refined_LIG_L_1,O75676,1,2,0_2ewa,2ewa,SB2,54,37,302,24,183,1.542,0.6053,1.114,3.508,136,1,0,0.611014,2.193,
AF-O75676-F1-model_v4_1_2,AF-O75676-F1-model-v4-1-2-1-1wbw-complex-refined_LIG_L_1,O75676,1,2,1_1wbw,1wbw,LI4,19,22,170,23,172,0.957,0.4062,1.66,4.503,232,0,0,0.611014,2.193,
AF-O75676-F1-model_v4_1_2,AF-O75676-F1-model-v4-1-2-2-1w7h-complex-refined_LIG_L_1,O75676,1,2,2_1w7h,1w7h,3IP,15,27,214,23,172,1.174,0.4286,2.743,4.672,232,0,0,0.611014,2.193,
AF-O75676-F1-model_v4_1_2,AF-O75676-F1-model-v4-1-2-3-1bmk-complex-refined_LIG_L_1,O75676,1,2,3_1bmk,1bmk,SB5,23,29,223,23,172,1.261,0.4444,2.292,4.635,232,0,0,0.611014,2.193,
AF-O75676-F1-model_v4_1_2,AF-O75676-F1-model-v4-1-2-4-5w4w-complex-refined_LIG_L_1,O75676,1,2,4_5w4w,5w4w,9WG,24,26,200,23,172,1.13,0.5806,2.186,3.41,232,0,0,0.611014,2.193,
AF-O75676-F1-model_v4_1_3,AF-O75676-F1-model-v4-1-3-0-4wov-complex-refined_LIG_L_1,O75676,1,3,0_4wov,4wov,3SM,28,22,166,31,243,0.71,0.5143,2.051,4.482,216,0,0,0.435378,0.985669,
AF-O75676-F1-model_v4_1_3,AF-O75676-F1-model-v4-1-3-2-5ih8-complex-refined_LIG_L_1,O75676,1,3,2_5ih8,5ih8,6BJ,27,18,143,31,243,0.581,0.4848,4.259,3.721,232,0,0,0.435378,0.985669,
AF-O75676-F1-model_v4_1_3,AF-O75676-F1-model-v4-1-3-3-5d12-complex-refined_LIG_L_1,O75676,1,3,3_5d12,5d12,G97,27,21,155,31,243,0.677,0.625,2.143,3.605,232,0,0,0.435378,0.985669,
AF-O75676-F1-model_v4_1_3,AF-O75676-F1-model-v4-1-3-4-3lvp-complex-refined_LIG_L_1,O75676,1,3,4_3lvp,3lvp,PDR,24,19,141,31,243,0.613,0.5152,0.475,4.537,232,0,0,0.435378,0.985669,
AF-O94804-F1-model_v4_0_0,AF-O94804-F1-model-v4-0-0-0-6s9d-complex-refined_LIG_L_1,O94804,0,0,0_6s9d,6s9d,L3Z,30,27,188,,,,,1.036,3.089,256,0,,0.780963,2.47557,
AF-O94804-F1-model_v4_0_0,AF-O94804-F1-model-v4-0-0-1-2xru-complex-refined_LIG_L_1,O94804,0,0,1_2xru,2xru,400,36,35,245,,,,,1.712,2.727,248,0,,0.780963,2.47557,
AF-O94804-F1-model_v4_0_0,AF-O94804-F1-model-v4-0-0-2-6aam-complex-refined_LIG_L_1,O94804,0,0,2_6aam,6aam,9T6,24,19,132,,,,,1.588,3.264,240,0,,0.780963,2.47557,
AF-O94804-F1-model_v4_0_0,AF-O94804-F1-model-v4-0-0-3-5d10-complex-refined_LIG_L_1,O94804,0,0,3_5d10,5d10,563,32,31,213,,,,,1.766,3.065,232,0,,0.780963,2.47557,
AF-O94804-F1-model_v4_0_0,AF-O94804-F1-model-v4-0-0-4-6hkm-complex-refined_LIG_L_1,O94804,0,0,4_6hkm,6hkm,G92,33,38,289,,,,,5.184,3.796,240,1,,0.780963,2.47557,offset=5.2A
AF-O94804-F1-model_v4_0_5,AF-O94804-F1-model-v4-0-5-0-6npu-complex-refined_LIG_L_1,O94804,0,5,0_6npu,6npu,KWV,17,23,185,,,,,1.959,3.268,240,0,,0.635854,1.41379,
AF-O94804-F1-model_v4_0_5,AF-O94804-F1-model-v4-0-5-1-6npe-complex-refined_LIG_L_1,O94804,0,5,1_6npe,6npe,KWD,19,22,178,,,,,1.367,3.257,240,0,,0.635854,1.41379,
AF-P00533-F1-model_v4_1_0,AF-P00533-F1-model-v4-1-0-0-2vwy-complex-refined_LIG_L_1,P00533,1,0,0_2vwy,2vwy,7X5,38,26,195,34,252,0.765,0.7143,1.381,2.29,256,0,0,0.244296,0,
AF-P00533-F1-model_v4_1_0,AF-P00533-F1-model-v4-1-0-1-6aaj-complex-refined_LIG_L_1,P00533,1,0,1_6aaj,6aaj,9T6,24,20,156,34,252,0.588,0.5882,0.725,2.601,248,0,0,0.244296,0,
AF-P00533-F1-model_v4_1_0,AF-P00533-F1-model-v4-1-0-2-5x8i-complex-refined_LIG_L_1,P00533,1,0,2_5x8i,5x8i,SQZ,31,26,191,33,244,0.788,0.6389,2.533,3.202,200,0,0,0.244296,0,
AF-P00533-F1-model_v4_1_0,AF-P00533-F1-model-v4-1-0-3-4yhf-complex-refined_LIG_L_1,P00533,1,0,3_4yhf,4yhf,4C9,39,34,265,34,252,1.0,0.5455,0.835,2.192,248,1,0,0.244296,0,
AF-P00533-F1-model_v4_1_0,AF-P00533-F1-model-v4-1-0-4-5ops-complex-refined_LIG_L_1,P00533,1,0,4_5ops,5ops,A3Q,18,20,145,34,252,0.588,0.5429,1.741,3.648,232,0,0,0.244296,0,
AF-P00533-F1-model_v4_1_1,AF-P00533-F1-model-v4-1-1-0-3v01-complex-refined_LIG_L_1,P00533,1,1,0_3v01,3v01,3V0,27,27,200,23,183,1.174,0.4286,1.545,3.082,240,0,0,0.514374,0.185139,
AF-P00533-F1-model_v4_1_1,AF-P00533-F1-model-v4-1-1-1-3f3t-complex-refined_LIG_L_1,P00533,1,1,1_3f3t,3f3t,1AU,30,32,239,24,187,1.333,0.4737,0.802,2.948,256,0,0,0.514374,0.185139,
AF-P00533-F1-model_v4_1_1,AF-P00533-F1-model-v4-1-1-2-6p1d-complex-refined_LIG_L_1,P00533,1,1,2_6p1d,6p1d,ANP,31,27,194,23,181,1.174,0.3514,9.26,1.738,264,0,0,0.514374,0.185139,offset=9.3A
AF-P00533-F1-model_v4_1_1,AF-P00533-F1-model-v4-1-1-3-4zjj-complex-refined_LIG_L_1,P00533,1,1,3_4zjj,4zjj,4OR,32,35,281,24,186,1.458,0.2826,4.695,3.925,248,1,0,0.514374,0.185139,
AF-P00533-F1-model_v4_1_1,AF-P00533-F1-model-v4-1-1-4-3p79-complex-refined_LIG_L_1,P00533,1,1,4_3p79,3p79,P79,34,33,251,25,192,1.32,0.4872,1.421,3.766,232,0,0,0.514374,0.185139,
AF-P00533-F1-model_v4_1_2,AF-P00533-F1-model-v4-1-2-0-1wbt-complex-refined_LIG_L_1,P00533,1,2,0_1wbt,1wbt,WBT,33,38,291,27,212,1.407,0.4773,1.284,4.769,224,1,0,0.32806,0,
AF-P00533-F1-model_v4_1_2,AF-P00533-F1-model-v4-1-2-1-3gcs-complex-refined_LIG_L_1,P00533,1,2,1_3gcs,3gcs,BAX,32,43,334,28,221,1.536,0.449,1.671,4.224,224,1,0,0.32806,0,
AF-P00533-F1-model_v4_1_4,AF-P00533-F1-model-v4-1-4-0-5a6n-complex-refined_LIG_L_1,P00533,1,4,0_5a6n,5a6n,U7E,15,19,134,37,279,0.514,0.5135,1.402,4.309,224,0,1,0.596522,0.536778,
AF-P00533-F1-model_v4_1_4,AF-P00533-F1-model-v4-1-4-1-5uvc-complex-refined_LIG_L_1,P00533,1,4,1_5uvc,5uvc,8PV,29,26,195,37,279,0.703,0.5366,2.91,3.765,248,0,1,0.596522,0.536778,
AF-P04049-F1-model_v4_0_3,AF-P04049-F1-model-v4-0-3-0-3ewh-complex-refined_LIG_L_1,P04049,0,3,0_3ewh,3ewh,K11,39,39,287,,,,,0.996,3.734,248,1,,0.24491,0.350789,
AF-P04049-F1-model_v4_0_3,AF-P04049-F1-model-v4-0-3-1-3qrj-complex-refined_LIG_L_1,P04049,0,3,1_3qrj,3qrj,919,41,41,328,,,,,3.314,7.14,248,1,,0.24491,0.350789,rmsd=7.1A
AF-P04049-F1-model_v4_0_3,AF-P04049-F1-model-v4-0-3-2-6hp9-complex-refined_LIG_L_1,P04049,0,3,2_6hp9,6hp9,GKB,35,35,277,,,,,3.764,4.618,248,1,,0.24491,0.350789,
AF-P04049-F1-model_v4_0_3,AF-P04049-F1-model-v4-0-3-3-4x7n-complex-refined_LIG_L_1,P04049,0,3,3_4x7n,4x7n,3Z5,40,39,302,,,,,1.975,4.12,240,1,,0.24491,0.350789,
AF-P04049-F1-model_v4_0_3,AF-P04049-F1-model-v4-0-3-4-4x7h-complex-refined_LIG_L_1,P04049,0,3,4_4x7h,4x7h,3Z2,43,39,307,,,,,0.746,4.407,232,1,,0.24491,0.350789,
AF-P04049-F1-model_v4_0_7,AF-P04049-F1-model-v4-0-7-0-3k5v-complex-refined_LIG_L_1,P04049,0,7,0_3k5v,3k5v,STJ,27,28,236,,,,,2.557,3.797,248,0,,0.522767,2.22167,
AF-P04049-F1-model_v4_0_7,AF-P04049-F1-model-v4-0-7-1-3pyy-complex-refined_LIG_L_1,P04049,0,7,1_3pyy,3pyy,3YY,25,25,205,,,,,1.982,3.728,240,0,,0.522767,2.22167,
AF-P06241-F1-model_v4_0_0,AF-P06241-F1-model-v4-0-0-0-3vry-complex-refined_LIG_L_1,P06241,0,0,0_3vry,3vry,B43,28,27,202,39,299,0.692,0.6923,0.368,1.489,424,0,1,0.545701,0.499875,
AF-P06493-F1-model_v4_0_0,AF-P06493-F1-model-v4-0-0-0-3i7b-complex-refined_LIG_L_1,P06493,0,0,0_3i7b,3i7b,BK1,24,26,211,,,,,2.533,3.605,256,0,,0.231903,0.249937,
AF-P06493-F1-model_v4_0_0,AF-P06493-F1-model-v4-0-0-1-4hgl-complex-refined_LIG_L_1,P06493,0,0,1_4hgl,4hgl,0YO,28,32,253,,,,,2.559,4.909,216,0,,0.231903,0.249937,
AF-P06493-F1-model_v4_0_0,AF-P06493-F1-model-v4-0-0-2-4obp-complex-refined_LIG_L_1,P06493,0,0,2_4obp,4obp,2QU,18,21,172,,,,,2.819,3.525,248,0,,0.231903,0.249937,
AF-P06493-F1-model_v4_0_0,AF-P06493-F1-model-v4-0-0-3-5ttu-complex-refined_LIG_L_1,P06493,0,0,3_5ttu,5ttu,7KV,22,23,177,,,,,1.018,4.096,232,0,,0.231903,0.249937,
AF-P06493-F1-model_v4_0_0,AF-P06493-F1-model-v4-0-0-4-3wf7-complex-refined_LIG_L_1,P06493,0,0,4_3wf7,3wf7,FS9,28,30,235,,,,,3.357,4.227,248,0,,0.231903,0.249937,
AF-P07948-F1-model_v4_0_0,AF-P07948-F1-model-v4-0-0-0-4wbo-complex-refined_LIG_L_1,P07948,0,0,0_4wbo,4wbo,ANW,22,21,162,,,,,1.282,3.71,248,0,,0.517362,0.499875,
AF-P07948-F1-model_v4_0_1,AF-P07948-F1-model-v4-0-1-0-4wnk-complex-refined_LIG_L_1,P07948,0,1,0_4wnk,4wnk,453,37,39,287,,,,,0.945,4.172,248,1,,0.687027,1.53808,
AF-P08069-F1-model_v4_2_0,AF-P08069-F1-model-v4-2-0-1-4aoi-complex-refined_LIG_L_1,P08069,2,0,1_4aoi,4aoi,4K0,27,23,171,,,,,1.273,2.093,248,0,,0.44595,0.897211,
AF-P08069-F1-model_v4_2_0,AF-P08069-F1-model-v4-2-0-2-3anq-complex-refined_LIG_L_1,P08069,2,0,2_3anq,3anq,EHB,16,20,143,,,,,2.038,3.075,200,0,,0.44595,0.897211,
AF-P08069-F1-model_v4_2_0,AF-P08069-F1-model-v4-2-0-3-5jk3-complex-refined_LIG_L_1,P08069,2,0,3_5jk3,5jk3,6L4,26,26,193,,,,,2.077,3.718,208,0,,0.44595,0.897211,
AF-P08069-F1-model_v4_2_11,AF-P08069-F1-model-v4-2-11-0-5orl-complex-refined_LIG_L_1,P08069,2,11,0_5orl,5orl,A4W,14,13,107,,,,,3.495,4.042,248,0,,0.841777,6.92134,
AF-P08069-F1-model_v4_2_1,AF-P08069-F1-model-v4-2-1-0-3p7b-complex-refined_LIG_L_1,P08069,2,1,0_3p7b,3p7b,P7B,33,33,264,,,,,5.061,4.948,248,1,,0.179188,0,offset=5.1A
AF-P08069-F1-model_v4_2_1,AF-P08069-F1-model-v4-2-1-1-3v51-complex-refined_LIG_L_1,P08069,2,1,1_3v51,3v51,I76,32,37,284,,,,,2.481,4.454,240,1,,0.179188,0,
AF-P08069-F1-model_v4_2_1,AF-P08069-F1-model-v4-2-1-2-2yiw-complex-refined_LIG_L_1,P08069,2,1,2_2yiw,2yiw,YIW,39,43,344,,,,,2.94,5.68,216,1,,0.179188,0,rmsd=5.7A
AF-P08069-F1-model_v4_2_1,AF-P08069-F1-model-v4-2-1-4-6hkn-complex-refined_LIG_L_1,P08069,2,1,4_6hkn,6hkn,G9E,32,38,303,,,,,2.728,3.743,240,1,,0.179188,0,
AF-P08069-F1-model_v4_2_2,AF-P08069-F1-model-v4-2-2-0-1a9u-complex-refined_LIG_L_1,P08069,2,2,0_1a9u,1a9u,SB2,27,31,236,,,,,3.081,4.491,240,0,,0.48801,0.844859,
AF-P08069-F1-model_v4_2_2,AF-P08069-F1-model-v4-2-2-1-1bmk-complex-refined_LIG_L_1,P08069,2,2,1_1bmk,1bmk,SB5,23,33,252,,,,,3.759,4.519,248,0,,0.48801,0.844859,
AF-P08069-F1-model_v4_2_2,AF-P08069-F1-model-v4-2-2-2-3pvu-complex-refined_LIG_L_1,P08069,2,2,2_3pvu,3pvu,QRW,34,28,211,,,,,4.68,4.359,256,0,,0.48801,0.844859,
AF-P08069-F1-model_v4_2_2,AF-P08069-F1-model-v4-2-2-3-5csp-complex-refined_LIG_L_1,P08069,2,2,3_5csp,5csp,54G,11,18,134,,,,,1.648,3.319,200,0,,0.48801,0.844859,
AF-P08069-F1-model_v4_2_2,AF-P08069-F1-model-v4-2-2-4-2xiz-complex-refined_LIG_L_1,P08069,2,2,4_2xiz,2xiz,XIZ,11,21,157,,,,,2.354,3.869,240,0,,0.48801,0.844859,
AF-P08069-F1-model_v4_2_6,AF-P08069-F1-model-v4-2-6-1-3hrf-complex-refined_LIG_L_1,P08069,2,6,1_3hrf,3hrf,P47,20,25,200,,,,,2.689,3.295,248,0,,0.558596,2.365,
AF-P08069-F1-model_v4_2_6,AF-P08069-F1-model-v4-2-6-2-5orr-complex-refined_LIG_L_1,P08069,2,6,2_5orr,5orr,A5Q,16,24,191,,,,,3.109,3.932,248,0,,0.558596,2.365,
AF-P08069-F1-model_v4_2_6,AF-P08069-F1-model-v4-2-6-3-5orv-complex-refined_LIG_L_1,P08069,2,6,3_5orv,5orv,A65,11,19,156,,,,,2.881,3.94,248,0,,0.558596,2.365,
AF-P08069-F1-model_v4_2_6,AF-P08069-F1-model-v4-2-6-4-5ort-complex-refined_LIG_L_1,P08069,2,6,4_5ort,5ort,A5Z,16,24,197,,,,,2.993,3.875,248,0,,0.558596,2.365,
AF-P08069-F1-model_v4_2_7,AF-P08069-F1-model-v4-2-7-0-4g34-complex-refined_LIG_L_1,P08069,2,7,0_4g34,4g34,924,28,33,266,,,,,1.89,5.272,232,1,,0.48213,0,rmsd=5.3A
AF-P09619-F1-model_v4_0_0,AF-P09619-F1-model-v4-0-0-0-5lcj-complex-refined_LIG_L_1,P09619,0,0,0_5lcj,5lcj,6TS,42,29,226,,,,,6.88,5.047,192,0,,0.464334,0.127357,offset=6.9A;rmsd=5.0A
AF-P09619-F1-model_v4_0_0,AF-P09619-F1-model-v4-0-0-1-3sxf-complex-refined_LIG_L_1,P09619,0,0,1_3sxf,3sxf,BK5,26,29,220,,,,,2.758,4.728,240,0,,0.464334,0.127357,
AF-P09619-F1-model_v4_0_0,AF-P09619-F1-model-v4-0-0-2-4d0w-complex-refined_LIG_L_1,P09619,0,0,2_4d0w,4d0w,VVQ,23,28,206,,,,,1.375,4.489,256,0,,0.464334,0.127357,
AF-P09619-F1-model_v4_0_0,AF-P09619-F1-model-v4-0-0-3-5nki-complex-refined_LIG_L_1,P09619,0,0,3_5nki,5nki,8ZW,66,33,268,,,,,0.879,2.251,248,1,,0.464334,0.127357,
AF-P09619-F1-model_v4_0_0,AF-P09619-F1-model-v4-0-0-4-4m84-complex-refined_LIG_L_1,P09619,0,0,4_4m84,4m84,21E,23,26,199,,,,,1.707,4.563,240,0,,0.464334,0.127357,
AF-P09619-F1-model_v4_0_2,AF-P09619-F1-model-v4-0-2-0-5os5-complex-refined_LIG_L_1,P09619,0,2,0_5os5,5os5,A8K,15,22,176,,,,,3.662,4.233,256,0,,0.617589,2.22167,
AF-P09619-F1-model_v4_0_2,AF-P09619-F1-model-v4-0-2-1-3hrf-complex-refined_LIG_L_1,P09619,0,2,1_3hrf,3hrf,P47,20,19,158,,,,,2.753,4.439,256,0,,0.617589,2.22167,
AF-P09619-F1-model_v4_0_2,AF-P09619-F1-model-v4-0-2-2-5orv-complex-refined_LIG_L_1,P09619,0,2,2_5orv,5orv,A65,11,19,148,,,,,2.013,4.363,248,0,,0.617589,2.22167,
AF-P09619-F1-model_v4_0_2,AF-P09619-F1-model-v4-0-2-3-5orw-complex-refined_LIG_L_1,P09619,0,2,3_5orw,5orw,A6E,18,18,146,,,,,2.023,3.879,248,0,,0.617589,2.22167,
AF-P09619-F1-model_v4_0_2,AF-P09619-F1-model-v4-0-2-4-5obr-complex-refined_LIG_L_1,P09619,0,2,4_5obr,5obr,9QT,21,24,188,,,,,1.722,4.958,240,0,,0.617589,2.22167,
AF-P11309-F1-model_v4_0_0,AF-P11309-F1-model-v4-0-0-0-5uox-complex-refined_LIG_L_1,P11309,0,0,0_5uox,5uox,8GY,29,24,191,,,,,0.871,2.837,232,0,,0.745944,1.49622,
AF-P11309-F1-model_v4_0_0,AF-P11309-F1-model-v4-0-0-1-3at3-complex-refined_LIG_L_1,P11309,0,0,1_3at3,3at3,ATK,30,28,214,,,,,0.736,2.805,248,0,,0.745944,1.49622,
AF-P11309-F1-model_v4_0_0,AF-P11309-F1-model-v4-0-0-2-3bgq-complex-refined_LIG_L_1,P11309,0,0,2_3bgq,3bgq,VX2,26,26,211,,,,,0.92,0.545,272,0,,0.745944,1.49622,
AF-P11309-F1-model_v4_0_0,AF-P11309-F1-model-v4-0-0-3-2r3p-complex-refined_LIG_L_1,P11309,0,0,3_2r3p,2r3p,3SC,53,27,208,,,,,0.721,3.573,216,0,,0.745944,1.49622,
AF-P11309-F1-model_v4_0_0,AF-P11309-F1-model-v4-0-0-4-4dgn-complex-refined_LIG_L_1,P11309,0,0,4_4dgn,4dgn,LU2,21,22,175,,,,,1.854,2.754,248,0,,0.745944,1.49622,
AF-P17252-F1-model_v4_0_0,AF-P17252-F1-model-v4-0-0-0-2pvk-complex-refined_LIG_L_1,P17252,0,0,0_2pvk,2pvk,P45,27,30,233,,,,,1.526,2.715,256,0,,0.398053,0.994226,
AF-P17252-F1-model_v4_0_0,AF-P17252-F1-model-v4-0-0-1-6n7d-complex-refined_LIG_L_1,P17252,0,0,1_6n7d,6n7d,KF4,28,28,209,,,,,1.447,3.463,248,0,,0.398053,0.994226,
AF-P17252-F1-model_v4_0_0,AF-P17252-F1-model-v4-0-0-3-4mha-complex-refined_LIG_L_1,P17252,0,0,3_4mha,4mha,4MH,33,32,238,,,,,3.994,3.471,240,0,,0.398053,0.994226,
AF-P17252-F1-model_v4_0_0,AF-P17252-F1-model-v4-0-0-4-2obj-complex-refined_LIG_L_1,P17252,0,0,4_2obj,2obj,VRV,23,23,184,,,,,2.489,3.236,256,0,,0.398053,0.994226,
AF-P17252-F1-model_v4_0_3,AF-P17252-F1-model-v4-0-3-0-4ztq-complex-refined_LIG_L_1,P17252,0,3,0_4ztq,4ztq,4RM,26,27,215,,,,,1.668,2.131,240,0,,0.674063,3.89283,
AF-P17252-F1-model_v4_0_3,AF-P17252-F1-model-v4-0-3-1-3qcy-complex-refined_LIG_L_1,P17252,0,3,1_3qcy,3qcy,3Q3,32,28,221,,,,,1.788,1.488,264,0,,0.674063,3.89283,
AF-P17252-F1-model_v4_0_3,AF-P17252-F1-model-v4-0-3-2-3pvu-complex-refined_LIG_L_1,P17252,0,3,2_3pvu,3pvu,QRW,34,31,234,,,,,2.644,2.184,296,0,,0.674063,3.89283,
AF-P17252-F1-model_v4_0_3,AF-P17252-F1-model-v4-0-3-3-6c2y-complex-refined_LIG_L_1,P17252,0,3,3_6c2y,6c2y,EJS,39,37,283,,,,,1.508,3.31,304,1,,0.674063,3.89283,
AF-P17252-F1-model_v4_0_3,AF-P17252-F1-model-v4-0-3-4-1bmk-complex-refined_LIG_L_1,P17252,0,3,4_1bmk,1bmk,SB5,23,31,246,,,,,3.077,3.589,248,0,,0.674063,3.89283,
AF-P17252-F1-model_v4_0_5,AF-P17252-F1-model-v4-0-5-0-5mrd-complex-refined_LIG_L_1,P17252,0,5,0_5mrd,5mrd,S26,23,28,246,,,,,2.062,1.797,280,0,,0.718711,1.94642,
AF-P17252-F1-model_v4_0_5,AF-P17252-F1-model-v4-0-5-1-5orw-complex-refined_LIG_L_1,P17252,0,5,1_5orw,5orw,A6E,18,25,206,,,,,0.837,2.587,264,0,,0.718711,1.94642,
AF-P17252-F1-model_v4_0_5,AF-P17252-F1-model-v4-0-5-2-4rqk-complex-refined_LIG_L_1,P17252,0,5,2_4rqk,4rqk,R1S,23,29,242,,,,,2.101,1.749,280,0,,0.718711,1.94642,
AF-P17252-F1-model_v4_0_5,AF-P17252-F1-model-v4-0-5-3-5orv-complex-refined_LIG_L_1,P17252,0,5,3_5orv,5orv,A65,11,24,194,,,,,0.945,2.596,264,0,,0.718711,1.94642,
AF-P17612-F1-model_v4_0_0,AF-P17612-F1-model-v4-0-0-0-5auz-complex-refined_LIG_L_1,P17612,0,0,0_5auz,5auz,GEN,20,24,184,,,,,1.498,2.563,256,0,,0.453943,0.434674,
AF-P17612-F1-model_v4_0_0,AF-P17612-F1-model-v4-0-0-1-6b16-complex-refined_LIG_L_1,P17612,0,0,1_6b16,6b16,C7Y,27,25,193,,,,,1.542,3.521,264,0,,0.453943,0.434674,
AF-P17612-F1-model_v4_0_0,AF-P17612-F1-model-v4-0-0-2-3bgz-complex-refined_LIG_L_1,P17612,0,0,2_3bgz,3bgz,VX3,24,27,212,,,,,0.714,2.504,256,0,,0.453943,0.434674,
AF-P17612-F1-model_v4_0_0,AF-P17612-F1-model-v4-0-0-3-3tiy-complex-refined_LIG_L_1,P17612,0,0,3_3tiy,3tiy,TIY,16,22,178,,,,,1.141,3.706,240,0,,0.453943,0.434674,
AF-P17612-F1-model_v4_0_0,AF-P17612-F1-model-v4-0-0-4-4gk2-complex-refined_LIG_L_1,P17612,0,0,4_4gk2,4gk2,L66,31,35,271,,,,,0.986,3.25,240,1,,0.453943,0.434674,
AF-P17612-F1-model_v4_0_1,AF-P17612-F1-model-v4-0-1-0-4x7k-complex-refined_LIG_L_1,P17612,0,1,0_4x7k,4x7k,3Z3,42,44,363,,,,,1.332,4.102,232,1,,0.375344,0.194126,
AF-P17612-F1-model_v4_0_1,AF-P17612-F1-model-v4-0-1-1-4an9-complex-refined_LIG_L_1,P17612,0,1,1_4an9,4an9,2P7,24,29,241,,,,,3.417,4.058,248,0,,0.375344,0.194126,
AF-P17612-F1-model_v4_0_1,AF-P17612-F1-model-v4-0-1-2-4eh8-complex-refined_LIG_L_1,P17612,0,1,2_4eh8,4eh8,0OP,16,24,201,,,,,4.426,3.418,240,0,,0.375344,0.194126,
AF-P17612-F1-model_v4_0_1,AF-P17612-F1-model-v4-0-1-3-6c3e-complex-refined_LIG_L_1,P17612,0,1,3_6c3e,6c3e,EJY,19,26,213,,,,,2.394,4.703,224,0,,0.375344,0.194126,
AF-P17612-F1-model_v4_0_1,AF-P17612-F1-model-v4-0-1-4-3mvl-complex-refined_LIG_L_1,P17612,0,1,4_3mvl,3mvl,38P,30,37,291,,,,,3.969,3.13,248,1,,0.375344,0.194126,
AF-P17612-F1-model_v4_0_3,AF-P17612-F1-model-v4-0-3-0-4wov-complex-refined_LIG_L_1,P17612,0,3,0_4wov,4wov,3SM,28,30,232,,,,,2.121,4.31,232,0,,0.683406,1.32198,
AF-P17612-F1-model_v4_0_3,AF-P17612-F1-model-v4-0-3-2-2pvk-complex-refined_LIG_L_1,P17612,0,3,2_2pvk,2pvk,P45,27,33,254,,,,,0.709,3.996,272,0,,0.683406,1.32198,
AF-P17612-F1-model_v4_0_3,AF-P17612-F1-model-v4-0-3-3-5mqv-complex-refined_LIG_L_1,P17612,0,3,3_5mqv,5mqv,D5Q,39,48,385,,,,,1.944,3.181,248,1,,0.683406,1.32198,
AF-P17612-F1-model_v4_0_6,AF-P17612-F1-model-v4-0-6-0-6hd4-complex-refined_LIG_L_1,P17612,0,6,0_6hd4,6hd4,FYW,64,26,225,,,,,1.073,4.074,248,0,,0.44622,0.461423,
AF-P17612-F1-model_v4_0_6,AF-P17612-F1-model-v4-0-6-1-6npv-complex-refined_LIG_L_1,P17612,0,6,1_6npv,6npv,KWP,25,26,219,,,,,1.456,4.054,240,0,,0.44622,0.461423,
AF-P17612-F1-model_v4_0_6,AF-P17612-F1-model-v4-0-6-2-6npu-complex-refined_LIG_L_1,P17612,0,6,2_6npu,6npu,KWV,17,25,210,,,,,3.162,4.053,240,0,,0.44622,0.461423,
AF-P19784-F1-model_v4_0_0,AF-P19784-F1-model-v4-0-0-0-5u9d-complex-refined_LIG_L_1,P19784,0,0,0_5u9d,5u9d,83P,36,31,261,,,,,2.173,4.69,216,1,,0.69189,1.43849,
AF-P19784-F1-model_v4_0_0,AF-P19784-F1-model-v4-0-0-1-4deg-complex-refined_LIG_L_1,P19784,0,0,1_4deg,4deg,0JJ,29,26,220,,,,,2.944,4.682,240,0,,0.69189,1.43849,
AF-P19784-F1-model_v4_0_0,AF-P19784-F1-model-v4-0-0-2-2e9u-complex-refined_LIG_L_1,P19784,0,0,2_2e9u,2e9u,A25,24,19,156,,,,,1.554,2.966,248,0,,0.69189,1.43849,
AF-P19784-F1-model_v4_0_0,AF-P19784-F1-model-v4-0-0-3-3r9n-complex-refined_LIG_L_1,P19784,0,0,3_3r9n,3r9n,Z68,24,21,171,,,,,0.727,3.692,248,0,,0.69189,1.43849,
AF-P19784-F1-model_v4_0_0,AF-P19784-F1-model-v4-0-0-4-3ttj-complex-refined_LIG_L_1,P19784,0,0,4_3ttj,3ttj,JBI,31,27,228,,,,,1.321,4.21,256,0,,0.69189,1.43849,
AF-P19784-F1-model_v4_0_2,AF-P19784-F1-model-v4-0-2-0-5eko-complex-refined_LIG_L_1,P19784,0,2,0_5eko,5eko,N17,28,33,276,,,,,5.979,4.115,272,1,,0.25489,0,offset=6.0A
AF-P19784-F1-model_v4_0_2,AF-P19784-F1-model-v4-0-2-1-4w4y-complex-refined_LIG_L_1,P19784,0,2,1_4w4y,4w4y,3HQ,32,25,213,,,,,3.918,3.682,280,0,,0.25489,0,
AF-P19784-F1-model_v4_0_2,AF-P19784-F1-model-v4-0-2-2-4w4v-complex-refined_LIG_L_1,P19784,0,2,2_4w4v,4w4v,3H8,32,27,236,,,,,3.551,4.087,280,0,,0.25489,0,
AF-P19784-F1-model_v4_0_2,AF-P19784-F1-model-v4-0-2-3-3w2r-complex-refined_LIG_L_1,P19784,0,2,3_3w2r,3w2r,W2R,40,40,330,,,,,4.834,3.929,240,1,,0.25489,0,
AF-P19784-F1-model_v4_0_4,AF-P19784-F1-model-v4-0-4-0-6g92-complex-refined_LIG_L_1,P19784,0,4,0_6g92,6g92,ERZ,15,16,138,,,,,0.979,3.476,288,0,,0.452908,0.428464,
AF-P19784-F1-model_v4_0_4,AF-P19784-F1-model-v4-0-4-1-4twc-complex-refined_LIG_L_1,P19784,0,4,1_4twc,4twc,37J,35,27,233,,,,,1.201,4.083,256,0,,0.452908,0.428464,
AF-P19784-F1-model_v4_0_4,AF-P19784-F1-model-v4-0-4-2-5m44-complex-refined_LIG_L_1,P19784,0,4,2_5m44,5m44,7EY,22,21,181,,,,,3.451,1.308,320,0,,0.452908,0.428464,
AF-P19784-F1-model_v4_0_4,AF-P19784-F1-model-v4-0-4-3-2w1d-complex-refined_LIG_L_1,P19784,0,4,3_2w1d,2w1d,L0D,14,16,131,,,,,0.702,3.217,240,0,,0.452908,0.428464,
AF-P19784-F1-model_v4_0_4,AF-P19784-F1-model-v4-0-4-4-4bdk-complex-refined_LIG_L_1,P19784,0,4,4_4bdk,4bdk,RQQ,22,17,148,,,,,2.103,3.863,224,0,,0.452908,0.428464,
AF-P19784-F1-model_v4_0_6,AF-P19784-F1-model-v4-0-6-0-3ms9-complex-refined_LIG_L_1,P19784,0,6,0_3ms9,3ms9,MS9,12,18,154,,,,,3.637,3.884,240,0,,0.829324,5.92444,
AF-P19784-F1-model_v4_0_6,AF-P19784-F1-model-v4-0-6-1-6npu-complex-refined_LIG_L_1,P19784,0,6,1_6npu,6npu,KWV,17,27,241,,,,,0.896,3.468,240,0,,0.829324,5.92444,
AF-P19784-F1-model_v4_0_6,AF-P19784-F1-model-v4-0-6-2-6npv-complex-refined_LIG_L_1,P19784,0,6,2_6npv,6npv,KWP,25,27,243,,,,,1.808,3.453,240,0,,0.829324,5.92444,
AF-P23443-F1-model_v4_0_0,AF-P23443-F1-model-v4-0-0-0-3pp0-complex-refined_LIG_L_1,P23443,0,0,0_3pp0,3pp0,03Q,34,40,314,,,,,3.212,3.06,264,1,,0.280077,0.239461,
AF-P23443-F1-model_v4_0_0,AF-P23443-F1-model-v4-0-0-1-3bgz-complex-refined_LIG_L_1,P23443,0,0,1_3bgz,3bgz,VX3,24,25,200,,,,,0.632,2.611,256,0,,0.280077,0.239461,
AF-P23443-F1-model_v4_0_0,AF-P23443-F1-model-v4-0-0-2-4li5-complex-refined_LIG_L_1,P23443,0,0,2_4li5,4li5,1WY,30,32,254,,,,,2.629,3.134,264,0,,0.280077,0.239461,
AF-P23443-F1-model_v4_0_0,AF-P23443-F1-model-v4-0-0-3-4bde-complex-refined_LIG_L_1,P23443,0,0,3_4bde,4bde,CWS,12,19,142,,,,,2.087,3.359,232,0,,0.280077,0.239461,
AF-P23443-F1-model_v4_0_0,AF-P23443-F1-model-v4-0-0-4-4g3e-complex-refined_LIG_L_1,P23443,0,0,4_4g3e,4g3e,0WC,27,29,227,,,,,3.23,3.171,256,0,,0.280077,0.239461,
AF-P23443-F1-model_v4_0_2,AF-P23443-F1-model-v4-0-2-0-5orr-complex-refined_LIG_L_1,P23443,0,2,0_5orr,5orr,A5Q,16,25,187,,,,,0.304,2.62,264,0,,0.48738,0.31,
AF-P23443-F1-model_v4_0_2,AF-P23443-F1-model-v4-0-2-1-4rqk-complex-refined_LIG_L_1,P23443,0,2,1_4rqk,4rqk,R1S,23,31,243,,,,,1.934,1.795,280,0,,0.48738,0.31,
AF-P23443-F1-model_v4_0_2,AF-P23443-F1-model-v4-0-2-2-5orw-complex-refined_LIG_L_1,P23443,0,2,2_5orw,5orw,A6E,18,24,188,,,,,1.269,2.669,264,0,,0.48738,0.31,
AF-P23443-F1-model_v4_0_2,AF-P23443-F1-model-v4-0-2-3-5obr-complex-refined_LIG_L_1,P23443,0,2,3_5obr,5obr,9QT,21,30,234,,,,,2.08,1.901,248,0,,0.48738,0.31,
AF-P23443-F1-model_v4_0_3,AF-P23443-F1-model-v4-0-3-0-6npe-complex-refined_LIG_L_1,P23443,0,3,0_6npe,6npe,KWD,19,25,204,,,,,1.792,4.218,240,0,,0.639808,1.21182,
AF-P23443-F1-model_v4_0_3,AF-P23443-F1-model-v4-0-3-1-6npv-complex-refined_LIG_L_1,P23443,0,3,1_6npv,6npv,KWP,25,23,188,,,,,1.64,4.212,240,0,,0.639808,1.21182,
AF-P23443-F1-model_v4_0_3,AF-P23443-F1-model-v4-0-3-2-6npu-complex-refined_LIG_L_1,P23443,0,3,2_6npu,6npu,KWV,17,24,192,,,,,2.177,4.206,240,0,,0.639808,1.21182,
AF-P23443-F1-model_v4_0_4,AF-P23443-F1-model-v4-0-4-0-4zsl-complex-refined_LIG_L_1,P23443,0,4,0_4zsl,4zsl,4QZ,25,26,204,,,,,4.552,3.79,256,0,,0.491343,0,
AF-P23443-F1-model_v4_0_4,AF-P23443-F1-model-v4-0-4-1-3huc-complex-refined_LIG_L_1,P23443,0,4,1_3huc,3huc,G97,27,25,200,,,,,1.236,3.584,248,0,,0.491343,0,
AF-P23443-F1-model_v4_0_5,AF-P23443-F1-model-v4-0-5-0-4q9s-complex-refined_LIG_L_1,P23443,0,5,0_4q9s,4q9s,30G,15,18,139,,,,,1.532,3.675,240,0,,0.229945,0.620962,
AF-P23443-F1-model_v4_0_5,AF-P23443-F1-model-v4-0-5-1-4fic-complex-refined_LIG_L_1,P23443,0,5,1_4fic,4fic,0UL,16,22,167,,,,,4.528,3.271,232,0,,0.229945,0.620962,
AF-P23443-F1-model_v4_0_5,AF-P23443-F1-model-v4-0-5-2-5aux-complex-refined_LIG_L_1,P23443,0,5,2_5aux,5aux,KMP,21,23,185,,,,,1.742,2.58,256,0,,0.229945,0.620962,
AF-P23443-F1-model_v4_0_5,AF-P23443-F1-model-v4-0-5-3-6ed6-complex-refined_LIG_L_1,P23443,0,5,3_6ed6,6ed6,J0P,26,28,219,,,,,4.438,2.196,288,0,,0.229945,0.620962,
AF-P23443-F1-model_v4_0_5,AF-P23443-F1-model-v4-0-5-4-4oti-complex-refined_LIG_L_1,P23443,0,5,4_4oti,4oti,MI1,23,26,192,,,,,0.719,1.786,296,0,,0.229945,0.620962,
AF-P24941-F1-model_v4_0_0,AF-P24941-F1-model-v4-0-0-0-4itj-complex-refined_LIG_L_1,P24941,0,0,0_4itj,4itj,1HX,21,26,214,33,267,0.788,0.3721,3.802,3.583,240,0,1,0.477435,0.208281,
AF-P24941-F1-model_v4_0_0,AF-P24941-F1-model-v4-0-0-1-2r4b-complex-refined_LIG_L_1,P24941,0,0,1_2r4b,2r4b,GW7,28,28,231,32,259,0.875,0.6667,3.598,2.959,232,0,1,0.477435,0.208281,
AF-P24941-F1-model_v4_0_0,AF-P24941-F1-model-v4-0-0-2-4pmp-complex-refined_LIG_L_1,P24941,0,0,2_4pmp,4pmp,31W,30,32,258,32,259,1.0,0.6842,2.172,3.576,232,1,1,0.477435,0.208281,
AF-P24941-F1-model_v4_0_0,AF-P24941-F1-model-v4-0-0-4-1kv1-complex-refined_LIG_L_1,P24941,0,0,4_1kv1,1kv1,BMU,21,24,193,32,259,0.75,0.4359,2.878,2.824,264,0,1,0.477435,0.208281,
AF-P24941-F1-model_v4_0_3,AF-P24941-F1-model-v4-0-3-3-5orr-complex-refined_LIG_L_1,P24941,0,3,3_5orr,5orr,A5Q,16,22,171,15,110,1.467,0.5417,4.196,3.067,240,0,0,0.680304,1.37896,
AF-P24941-F1-model_v4_0_3,AF-P24941-F1-model-v4-0-3-4-5orz-complex-refined_LIG_L_1,P24941,0,3,4_5orz,5orz,A6W,15,23,180,17,125,1.353,0.4815,4.143,3.112,240,0,0,0.680304,1.37896,
AF-P24941-F1-model_v4_0_5,AF-P24941-F1-model-v4-0-5-0-3pyy-complex-refined_LIG_L_1,P24941,0,5,0_3pyy,3pyy,3YY,25,22,167,8,62,2.75,0.2,0.608,3.374,232,0,0,0.752783,5.26184,
AF-P24941-F1-model_v4_0_5,AF-P24941-F1-model-v4-0-5-1-6npu-complex-refined_LIG_L_1,P24941,0,5,1_6npu,6npu,KWV,17,20,158,9,73,2.222,0.16,2.005,3.758,232,0,0,0.752783,5.26184,
AF-P24941-F1-model_v4_0_5,AF-P24941-F1-model-v4-0-5-2-3ms9-complex-refined_LIG_L_1,P24941,0,5,2_3ms9,3ms9,MS9,12,18,144,8,62,2.25,0.1818,1.479,3.316,232,0,0,0.752783,5.26184,
AF-P31749-F1-model_v4_0_0,AF-P31749-F1-model-v4-0-0-1-4hcv-complex-refined_LIG_L_1,P31749,0,0,1_4hcv,4hcv,13J,38,36,300,,,,,2.322,3.978,232,1,,0.623376,0.915801,
AF-P31749-F1-model_v4_0_0,AF-P31749-F1-model-v4-0-0-2-2vwz-complex-refined_LIG_L_1,P31749,0,0,2_2vwz,2vwz,7X6,40,37,305,,,,,1.273,4.988,248,1,,0.623376,0.915801,
AF-P31749-F1-model_v4_0_0,AF-P31749-F1-model-v4-0-0-3-6s9c-complex-refined_LIG_L_1,P31749,0,0,3_6s9c,6s9c,L1K,29,29,235,,,,,1.339,3.428,248,0,,0.623376,0.915801,
AF-P31749-F1-model_v4_0_0,AF-P31749-F1-model-v4-0-0-4-2r3p-complex-refined_LIG_L_1,P31749,0,0,4_2r3p,2r3p,3SC,53,33,260,,,,,1.278,3.888,232,1,,0.623376,0.915801,
AF-P31749-F1-model_v4_0_4,AF-P31749-F1-model-v4-0-4-0-6e4u-complex-refined_LIG_L_1,P31749,0,4,0_6e4u,6e4u,HU7,36,20,162,,,,,0.568,1.987,264,0,,0.549752,0.807878,
AF-P35968-F1-model_v4_0_0,AF-P35968-F1-model-v4-0-0-0-4c4h-complex-refined_LIG_L_1,P35968,0,0,0_4c4h,4c4h,7RO,35,30,238,,,,,1.42,3.27,232,0,,0.44601,0.476071,
AF-P35968-F1-model_v4_0_0,AF-P35968-F1-model-v4-0-0-1-6e4f-complex-refined_LIG_L_1,P35968,0,0,1_6e4f,6e4f,HRA,34,32,246,,,,,1.541,2.713,248,0,,0.44601,0.476071,
AF-P35968-F1-model_v4_0_0,AF-P35968-F1-model-v4-0-0-2-2oxd-complex-refined_LIG_L_1,P35968,0,0,2_2oxd,2oxd,K32,14,18,135,,,,,1.529,3.688,248,0,,0.44601,0.476071,
AF-P35968-F1-model_v4_0_0,AF-P35968-F1-model-v4-0-0-3-3mb6-complex-refined_LIG_L_1,P35968,0,0,3_3mb6,3mb6,01I,22,24,184,,,,,1.829,4.3,240,0,,0.44601,0.476071,
AF-P35968-F1-model_v4_0_0,AF-P35968-F1-model-v4-0-0-4-3e64-complex-refined_LIG_L_1,P35968,0,0,4_3e64,3e64,5B3,24,27,206,,,,,1.352,3.034,256,0,,0.44601,0.476071,
AF-P35968-F1-model_v4_0_1,AF-P35968-F1-model-v4-0-1-1-6c3e-complex-refined_LIG_L_1,P35968,0,1,1_6c3e,6c3e,EJY,19,21,162,,,,,0.745,3.102,232,0,,0.266767,0,
AF-P35968-F1-model_v4_0_1,AF-P35968-F1-model-v4-0-1-2-4ith-complex-refined_LIG_L_1,P35968,0,1,2_4ith,4ith,RCM,19,25,194,,,,,1.569,3.337,240,0,,0.266767,0,
AF-P35968-F1-model_v4_0_1,AF-P35968-F1-model-v4-0-1-3-3hv7-complex-refined_LIG_L_1,P35968,0,1,3_3hv7,3hv7,1AU,30,27,210,,,,,5.105,4.833,216,0,,0.266767,0,offset=5.1A
AF-P35968-F1-model_v4_0_2,AF-P35968-F1-model-v4-0-2-0-6npv-complex-refined_LIG_L_1,P35968,0,2,0_6npv,6npv,KWP,25,26,219,,,,,2.555,1.864,240,0,,0.681057,2.8118,
AF-P35968-F1-model_v4_0_2,AF-P35968-F1-model-v4-0-2-1-3ms9-complex-refined_LIG_L_1,P35968,0,2,1_3ms9,3ms9,MS9,12,20,177,,,,,2.738,1.866,240,0,,0.681057,2.8118,
AF-P35968-F1-model_v4_0_2,AF-P35968-F1-model-v4-0-2-2-6npu-complex-refined_LIG_L_1,P35968,0,2,2_6npu,6npu,KWV,17,25,209,,,,,1.023,2.098,248,0,,0.681057,2.8118,
AF-P35968-F1-model_v4_3_0,AF-P35968-F1-model-v4-3-0-0-3qxv-complex-refined_LIG_L_1,P35968,3,0,0_3qxv,3qxv,MTX,33,32,242,,,,,5.007,5.317,96,0,,0.811538,3.50789,offset=5.0A;rmsd=5.3A
AF-P35968-F1-model_v4_3_0,AF-P35968-F1-model-v4-3-0-2-3qxt-complex-refined_LIG_L_1,P35968,3,0,2_3qxt,3qxt,MTX,33,29,228,,,,,4.254,4.988,96,0,,0.811538,3.50789,
AF-P35968-F1-model_v4_3_0,AF-P35968-F1-model-v4-3-0-3-5vm0-complex-refined_LIG_L_1,P35968,3,0,3_5vm0,5vm0,9EG,19,23,173,,,,,0.925,3.933,96,0,,0.811538,3.50789,
AF-P35968-F1-model_v4_4_0,AF-P35968-F1-model-v4-4-0-0-5vm6-complex-refined_LIG_L_1,P35968,4,0,0_5vm6,5vm6,9EG,19,24,193,,,,,3.058,3.141,80,0,,0.535379,1.49388,
AF-P35968-F1-model_v4_4_0,AF-P35968-F1-model-v4-4-0-2-5o1c-complex-refined_LIG_L_1,P35968,4,0,2_5o1c,5o1c,9GZ,23,20,160,,,,,4.032,4.983,88,0,,0.535379,1.49388,
AF-P35968-F1-model_v4_4_0,AF-P35968-F1-model-v4-4-0-3-5o1b-complex-refined_LIG_L_1,P35968,4,0,3_5o1b,5o1b,9H2,16,22,180,,,,,4.872,4.968,96,0,,0.535379,1.49388,
AF-P35968-F1-model_v4_4_0,AF-P35968-F1-model-v4-4-0-4-5o1d-complex-refined_LIG_L_1,P35968,4,0,4_5o1d,5o1d,9GW,20,20,162,,,,,3.879,4.886,96,0,,0.535379,1.49388,
AF-P42336-F1-model_v4_0_0,AF-P42336-F1-model-v4-0-0-0-4wwo-complex-refined_LIG_L_1,P42336,0,0,0_4wwo,4wwo,3VD,30,27,228,,,,,1.349,3.054,528,0,,0.451659,0.5332,
AF-P42336-F1-model_v4_0_0,AF-P42336-F1-model-v4-0-0-1-3qk0-complex-refined_LIG_L_1,P42336,0,0,1_3qk0,3qk0,QK0,31,33,277,,,,,2.361,3.458,528,1,,0.451659,0.5332,
AF-P42336-F1-model_v4_0_0,AF-P42336-F1-model-v4-0-0-2-6ocu-complex-refined_LIG_L_1,P42336,0,0,2_6ocu,6ocu,M5D,27,23,198,,,,,2.677,2.635,624,0,,0.451659,0.5332,
AF-P42336-F1-model_v4_0_0,AF-P42336-F1-model-v4-0-0-3-5xgh-complex-refined_LIG_L_1,P42336,0,0,3_5xgh,5xgh,84U,31,27,221,,,,,2.683,3.202,800,0,,0.451659,0.5332,
AF-P42336-F1-model_v4_0_0,AF-P42336-F1-model-v4-0-0-4-3nzu-complex-refined_LIG_L_1,P42336,0,0,4_3nzu,3nzu,NZU,27,25,210,,,,,0.987,2.776,496,0,,0.451659,0.5332,
AF-P42338-F1-model_v4_0_0,AF-P42338-F1-model-v4-0-0-0-4dk5-complex-refined_LIG_L_1,P42338,0,0,0_4dk5,4dk5,0KO,34,33,275,,,,,1.62,2.834,512,1,,0.1817,0,
AF-P42338-F1-model_v4_0_0,AF-P42338-F1-model-v4-0-0-1-6ocu-complex-refined_LIG_L_1,P42338,0,0,1_6ocu,6ocu,M5D,27,25,219,,,,,1.953,2.504,720,0,,0.1817,0,
AF-P42338-F1-model_v4_0_0,AF-P42338-F1-model-v4-0-0-2-4wwp-complex-refined_LIG_L_1,P42338,0,0,2_4wwp,4wwp,3VE,30,27,238,,,,,1.509,3.355,680,0,,0.1817,0,
AF-P42338-F1-model_v4_0_0,AF-P42338-F1-model-v4-0-0-3-4ajw-complex-refined_LIG_L_1,P42338,0,0,3_4ajw,4ajw,VWN,24,22,192,,,,,1.493,2.466,712,0,,0.1817,0,
AF-P42338-F1-model_v4_0_0,AF-P42338-F1-model-v4-0-0-4-3oaw-complex-refined_LIG_L_1,P42338,0,0,4_3oaw,3oaw,OAW,21,22,181,,,,,2.885,3.656,696,0,,0.1817,0,
AF-P48736-F1-model_v4_0_0,AF-P48736-F1-model-v4-0-0-1-4waf-complex-refined_LIG_L_1,P48736,0,0,1_4waf,4waf,3K6,31,24,203,,,,,1.474,3.323,560,0,,0.499818,0.384519,
AF-P48736-F1-model_v4_0_0,AF-P48736-F1-model-v4-0-0-2-2wxi-complex-refined_LIG_L_1,P48736,0,0,2_2wxi,2wxi,S30,34,29,238,,,,,1.97,3.738,608,0,,0.499818,0.384519,
AF-P48736-F1-model_v4_0_0,AF-P48736-F1-model-v4-0-0-4-4ps7-complex-refined_LIG_L_1,P48736,0,0,4_4ps7,4ps7,2WJ,19,20,176,,,,,1.437,1.904,528,0,,0.499818,0.384519,
AF-P49137-F1-model_v4_0_0,AF-P49137-F1-model-v4-0-0-0-4hni-complex-refined_LIG_L_1,P49137,0,0,0_4hni,4hni,16W,25,29,226,,,,,1.152,3.922,232,0,,0.495021,1.21921,
AF-P49137-F1-model_v4_0_0,AF-P49137-F1-model-v4-0-0-1-2zb1-complex-refined_LIG_L_1,P49137,0,0,1_2zb1,2zb1,GK4,26,31,239,,,,,3.184,5.398,232,0,,0.495021,1.21921,rmsd=5.4A
AF-P49137-F1-model_v4_0_0,AF-P49137-F1-model-v4-0-0-2-4qye-complex-refined_LIG_L_1,P49137,0,0,2_4qye,4qye,3DL,22,24,182,,,,,1.154,3.808,232,0,,0.495021,1.21921,
AF-P49137-F1-model_v4_0_0,AF-P49137-F1-model-v4-0-0-3-2x81-complex-refined_LIG_L_1,P49137,0,0,3_2x81,2x81,ZZL,34,30,227,,,,,1.997,4.204,208,0,,0.495021,1.21921,
AF-P49137-F1-model_v4_0_0,AF-P49137-F1-model-v4-0-0-4-3tn8-complex-refined_LIG_L_1,P49137,0,0,4_3tn8,3tn8,F18,16,21,157,,,,,2.284,3.962,240,0,,0.495021,1.21921,
AF-P49137-F1-model_v4_0_1,AF-P49137-F1-model-v4-0-1-0-4m12-complex-refined_LIG_L_1,P49137,0,1,0_4m12,4m12,1YZ,25,31,260,,,,,3.732,4.938,224,1,,0.44811,0.350789,
AF-P49137-F1-model_v4_0_1,AF-P49137-F1-model-v4-0-1-4-6p1d-complex-refined_LIG_L_1,P49137,0,1,4_6p1d,6p1d,ANP,31,34,258,,,,,9.623,4.383,240,1,,0.44811,0.350789,offset=9.6A
AF-P49841-F1-model_v4_0_0,AF-P49841-F1-model-v4-0-0-0-5tts-complex-refined_LIG_L_1,P49841,0,0,0_5tts,5tts,7KU,20,20,158,,,,,1.399,3.486,240,0,,0.596891,0.80625,
AF-P49841-F1-model_v4_0_0,AF-P49841-F1-model-v4-0-0-1-4pp7-complex-refined_LIG_L_1,P49841,0,0,1_4pp7,4pp7,2VX,29,33,267,,,,,2.969,4.973,200,1,,0.596891,0.80625,
AF-P49841-F1-model_v4_0_0,AF-P49841-F1-model-v4-0-0-2-5y5u-complex-refined_LIG_L_1,P49841,0,0,2_5y5u,5y5u,8OU,29,22,175,,,,,2.245,3.484,248,0,,0.596891,0.80625,
AF-P49841-F1-model_v4_0_0,AF-P49841-F1-model-v4-0-0-3-4xj0-complex-refined_LIG_L_1,P49841,0,0,3_4xj0,4xj0,41B,31,32,249,,,,,1.408,3.741,296,0,,0.596891,0.80625,
AF-P49841-F1-model_v4_0_0,AF-P49841-F1-model-v4-0-0-4-4nk9-complex-refined_LIG_L_1,P49841,0,0,4_4nk9,4nk9,2K5,32,32,258,,,,,1.332,5.454,248,1,,0.596891,0.80625,rmsd=5.5A
AF-P49841-F1-model_v4_0_4,AF-P49841-F1-model-v4-0-4-0-6c2y-complex-refined_LIG_L_1,P49841,0,4,0_6c2y,6c2y,EJS,39,35,260,,,,,3.776,3.541,256,1,,0.613289,2.29451,
AF-P49841-F1-model_v4_0_4,AF-P49841-F1-model-v4-0-4-1-3w2o-complex-refined_LIG_L_1,P49841,0,4,1_3w2o,3w2o,03P,38,39,300,,,,,1.587,4.341,264,1,,0.613289,2.29451,
AF-P49841-F1-model_v4_0_4,AF-P49841-F1-model-v4-0-4-2-4eh2-complex-refined_LIG_L_1,P49841,0,4,2_4eh2,4eh2,0OK,17,23,184,,,,,2.07,4.015,280,0,,0.613289,2.29451,
AF-P49841-F1-model_v4_0_4,AF-P49841-F1-model-v4-0-4-3-1di9-complex-refined_LIG_L_1,P49841,0,4,3_1di9,1di9,MSQ,23,27,207,,,,,1.637,4.05,280,0,,0.613289,2.29451,
AF-P49841-F1-model_v4_0_4,AF-P49841-F1-model-v4-0-4-4-1bmk-complex-refined_LIG_L_1,P49841,0,4,4_1bmk,1bmk,SB5,23,30,236,,,,,2.522,3.867,280,0,,0.613289,2.29451,
AF-P49841-F1-model_v4_0_6,AF-P49841-F1-model-v4-0-6-0-5csp-complex-refined_LIG_L_1,P49841,0,6,0_5csp,5csp,54G,11,15,121,,,,,2.79,2.925,288,0,,0.400674,0.598652,
AF-P49841-F1-model_v4_0_6,AF-P49841-F1-model-v4-0-6-1-3hvc-complex-refined_LIG_L_1,P49841,0,6,1_3hvc,3hvc,GG5,18,23,189,,,,,2.616,3.342,264,0,,0.400674,0.598652,
AF-P49841-F1-model_v4_0_6,AF-P49841-F1-model-v4-0-6-2-4w4x-complex-refined_LIG_L_1,P49841,0,6,2_4w4x,4w4x,3HN,32,28,232,,,,,2.759,4.168,280,0,,0.400674,0.598652,
AF-P50613-F1-model_v4_0_0,AF-P50613-F1-model-v4-0-0-0-4h1j-complex-refined_LIG_L_1,P50613,0,0,0_4h1j,4h1j,0YH,34,33,265,,,,,5.435,3.379,240,1,,0.265924,0.240904,offset=5.4A
AF-P50613-F1-model_v4_0_0,AF-P50613-F1-model-v4-0-0-1-4ptg-complex-refined_LIG_L_1,P50613,0,0,1_4ptg,4ptg,2WG,23,23,182,,,,,2.332,3.097,256,0,,0.265924,0.240904,
AF-P50613-F1-model_v4_0_0,AF-P50613-F1-model-v4-0-0-2-5gty-complex-refined_LIG_L_1,P50613,0,0,2_5gty,5gty,816,36,34,267,,,,,0.957,3.362,240,1,,0.265924,0.240904,
AF-P50613-F1-model_v4_0_0,AF-P50613-F1-model-v4-0-0-3-6n3o-complex-refined_LIG_L_1,P50613,0,0,3_6n3o,6n3o,KA7,30,33,262,,,,,3.557,3.651,232,1,,0.265924,0.240904,
AF-P50613-F1-model_v4_0_0,AF-P50613-F1-model-v4-0-0-4-2zv2-complex-refined_LIG_L_1,P50613,0,0,4_2zv2,2zv2,609,24,25,196,,,,,2.221,3.091,232,0,,0.265924,0.240904,
AF-P50750-F1-model_v4_0_1,AF-P50750-F1-model-v4-0-1-0-5hx6-complex-refined_LIG_L_1,P50750,0,1,0_5hx6,5hx6,65U,28,37,292,,,,,3.196,4.781,160,1,,0.424188,0.733761,
AF-P50750-F1-model_v4_0_1,AF-P50750-F1-model-v4-0-1-1-5ew3-complex-refined_LIG_L_1,P50750,0,1,1_5ew3,5ew3,5T2,27,31,247,,,,,1.437,3.92,248,0,,0.424188,0.733761,
AF-P50750-F1-model_v4_0_1,AF-P50750-F1-model-v4-0-1-2-4hvs-complex-refined_LIG_L_1,P50750,0,1,2_4hvs,4hvs,647,28,33,266,,,,,2.304,5.429,248,1,,0.424188,0.733761,rmsd=5.4A
AF-P50750-F1-model_v4_0_1,AF-P50750-F1-model-v4-0-1-4-6ocq-complex-refined_LIG_L_1,P50750,0,1,4_6ocq,6ocq,M5J,18,25,206,,,,,6.361,5.563,160,0,,0.424188,0.733761,offset=6.4A;rmsd=5.6A
AF-P50750-F1-model_v4_0_3,AF-P50750-F1-model-v4-0-3-0-4m0z-complex-refined_LIG_L_1,P50750,0,3,0_4m0z,4m0z,M0Z,24,27,228,,,,,5.527,4.866,224,0,,0.542438,0.914804,offset=5.5A
AF-P50750-F1-model_v4_0_3,AF-P50750-F1-model-v4-0-3-1-4m12-complex-refined_LIG_L_1,P50750,0,3,1_4m12,4m12,1YZ,25,31,263,,,,,5.544,4.848,224,1,,0.542438,0.914804,offset=5.5A
AF-P50750-F1-model_v4_0_3,AF-P50750-F1-model-v4-0-3-2-3lw0-complex-refined_LIG_L_1,P50750,0,3,2_3lw0,3lw0,CCX,35,36,302,,,,,5.509,4.749,248,1,,0.542438,0.914804,offset=5.5A
AF-P50750-F1-model_v4_0_3,AF-P50750-F1-model-v4-0-3-3-3wig-complex-refined_LIG_L_1,P50750,0,3,3_3wig,3wig,CHU,33,40,329,,,,,4.706,4.615,192,1,,0.542438,0.914804,
AF-P50750-F1-model_v4_0_3,AF-P50750-F1-model-v4-0-3-4-4g31-complex-refined_LIG_L_1,P50750,0,3,4_4g31,4g31,0WH,33,36,291,,,,,5.644,4.403,224,1,,0.542438,0.914804,offset=5.6A
AF-P50750-F1-model_v4_0_5,AF-P50750-F1-model-v4-0-5-0-5cu2-complex-refined_LIG_L_1,P50750,0,5,0_5cu2,5cu2,54G,11,17,136,,,,,1.331,3.071,288,0,,0.391655,0.231156,
AF-P50750-F1-model_v4_0_5,AF-P50750-F1-model-v4-0-5-1-4eh6-complex-refined_LIG_L_1,P50750,0,5,1_4eh6,4eh6,0ON,15,23,193,,,,,1.481,4.863,280,0,,0.391655,0.231156,
AF-P50750-F1-model_v4_0_5,AF-P50750-F1-model-v4-0-5-2-1w84-complex-refined_LIG_L_1,P50750,0,5,2_1w84,1w84,L12,17,25,201,,,,,1.568,5.088,280,0,,0.391655,0.231156,rmsd=5.1A
AF-P50750-F1-model_v4_0_5,AF-P50750-F1-model-v4-0-5-3-4eh5-complex-refined_LIG_L_1,P50750,0,5,3_4eh5,4eh5,0OM,16,22,182,,,,,1.753,3.961,272,0,,0.391655,0.231156,
AF-P50750-F1-model_v4_0_6,AF-P50750-F1-model-v4-0-6-0-4dlj-complex-refined_LIG_L_1,P50750,0,6,0_4dlj,4dlj,6RG,26,28,227,,,,,2.021,3.795,280,0,,0.591778,0.487683,
AF-P50750-F1-model_v4_0_6,AF-P50750-F1-model-v4-0-6-1-3c5u-complex-refined_LIG_L_1,P50750,0,6,1_3c5u,3c5u,P41,25,28,234,,,,,5.292,4.556,280,0,,0.591778,0.487683,offset=5.3A
AF-P51955-F1-model_v4_0_0,AF-P51955-F1-model-v4-0-0-0-4g34-complex-refined_LIG_L_1,P51955,0,0,0_4g34,4g34,924,28,29,245,,,,,1.687,3.299,232,0,,0.691131,1.88188,
AF-P51955-F1-model_v4_0_0,AF-P51955-F1-model-v4-0-0-1-3ce3-complex-refined_LIG_L_1,P51955,0,0,1_3ce3,3ce3,1FN,34,34,261,,,,,1.813,4.186,232,1,,0.691131,1.88188,
AF-P51955-F1-model_v4_0_0,AF-P51955-F1-model-v4-0-0-2-6hkn-complex-refined_LIG_L_1,P51955,0,0,2_6hkn,6hkn,G9E,32,32,267,,,,,2.379,4.43,240,1,,0.691131,1.88188,
AF-P51955-F1-model_v4_0_0,AF-P51955-F1-model-v4-0-0-3-4kip-complex-refined_LIG_L_1,P51955,0,0,3_4kip,4kip,1R9,28,28,218,,,,,1.525,3.435,256,0,,0.691131,1.88188,
AF-P51955-F1-model_v4_0_0,AF-P51955-F1-model-v4-0-0-4-4nj3-complex-refined_LIG_L_1,P51955,0,0,4_4nj3,4nj3,2KD,36,34,275,,,,,1.761,2.763,232,1,,0.691131,1.88188,
AF-P51955-F1-model_v4_0_1,AF-P51955-F1-model-v4-0-1-0-5d9k-complex-refined_LIG_L_1,P51955,0,1,0_5d9k,5d9k,584,28,28,223,,,,,1.943,3.032,256,0,,0.631399,1.91569,
AF-P51955-F1-model_v4_0_1,AF-P51955-F1-model-v4-0-1-1-5d9l-complex-refined_LIG_L_1,P51955,0,1,1_5d9l,5d9l,583,19,21,174,,,,,2.24,2.973,256,0,,0.631399,1.91569,
AF-P51955-F1-model_v4_0_1,AF-P51955-F1-model-v4-0-1-2-3unj-complex-refined_LIG_L_1,P51955,0,1,2_3unj,3unj,0BX,23,20,147,,,,,2.352,2.743,240,0,,0.631399,1.91569,
AF-P51955-F1-model_v4_0_1,AF-P51955-F1-model-v4-0-1-3-4ytf-complex-refined_LIG_L_1,P51955,0,1,3_4ytf,4ytf,4HZ,28,26,187,,,,,1.237,3.904,248,0,,0.631399,1.91569,
AF-P51955-F1-model_v4_0_1,AF-P51955-F1-model-v4-0-1-4-6db4-complex-refined_LIG_L_1,P51955,0,1,4_6db4,6db4,G4Y,27,23,170,,,,,1.052,3.9,240,0,,0.631399,1.91569,
AF-P54756-F1-model_v4_0_0,AF-P54756-F1-model-v4-0-0-0-4k18-complex-refined_LIG_L_1,P54756,0,0,0_4k18,4k18,1OB,29,26,191,,,,,1.423,3.4,232,0,,0.571536,0.19995,
AF-P54756-F1-model_v4_0_0,AF-P54756-F1-model-v4-0-0-1-3ppj-complex-refined_LIG_L_1,P54756,0,0,1_3ppj,3ppj,FOI,25,28,215,,,,,1.476,3.818,248,0,,0.571536,0.19995,
AF-P54756-F1-model_v4_0_0,AF-P54756-F1-model-v4-0-0-2-2rg6-complex-refined_LIG_L_1,P54756,0,0,2_2rg6,2rg6,287,34,34,262,,,,,1.793,3.714,232,1,,0.571536,0.19995,
AF-P54756-F1-model_v4_0_0,AF-P54756-F1-model-v4-0-0-3-4wnp-complex-refined_LIG_L_1,P54756,0,0,3_4wnp,4wnp,3RJ,30,24,187,,,,,3.289,2.988,240,0,,0.571536,0.19995,
AF-P54756-F1-model_v4_0_0,AF-P54756-F1-model-v4-0-0-4-3kfa-complex-refined_LIG_L_1,P54756,0,0,4_3kfa,3kfa,B91,41,40,323,,,,,4.197,2.468,256,1,,0.571536,0.19995,
AF-P54756-F1-model_v4_0_4,AF-P54756-F1-model-v4-0-4-0-4zsj-complex-refined_LIG_L_1,P54756,0,4,0_4zsj,4zsj,4R0,21,27,202,,,,,2.827,3.677,240,0,,0.622573,1.07116,
AF-P54756-F1-model_v4_0_4,AF-P54756-F1-model-v4-0-4-1-4zsg-complex-refined_LIG_L_1,P54756,0,4,1_4zsg,4zsg,4QX,20,26,188,,,,,3.122,3.681,240,0,,0.622573,1.07116,
AF-P54756-F1-model_v4_0_4,AF-P54756-F1-model-v4-0-4-2-3huc-complex-refined_LIG_L_1,P54756,0,4,2_3huc,3huc,G97,27,27,200,,,,,4.24,4.033,240,0,,0.622573,1.07116,
AF-P54756-F1-model_v4_0_9,AF-P54756-F1-model-v4-0-9-0-3k5v-complex-refined_LIG_L_1,P54756,0,9,0_3k5v,3k5v,STJ,27,25,201,,,,,1.6,2.454,256,0,,0.891467,6.665,
AF-P54760-F1-model_v4_0_4,AF-P54760-F1-model-v4-0-4-0-6npu-complex-refined_LIG_L_1,P54760,0,4,0_6npu,6npu,KWV,17,25,198,,,,,2.81,2.609,248,0,,0.957962,13.6198,
AF-P54760-F1-model_v4_0_4,AF-P54760-F1-model-v4-0-4-1-3pyy-complex-refined_LIG_L_1,P54760,0,4,1_3pyy,3pyy,3YY,25,28,218,,,,,3.541,2.58,248,0,,0.957962,13.6198,
AF-P54760-F1-model_v4_0_4,AF-P54760-F1-model-v4-0-4-2-6npv-complex-refined_LIG_L_1,P54760,0,4,2_6npv,6npv,KWP,25,27,218,,,,,1.605,2.704,248,0,,0.957962,13.6198,
AF-P54760-F1-model_v4_0_4,AF-P54760-F1-model-v4-0-4-3-3k5v-complex-refined_LIG_L_1,P54760,0,4,3_3k5v,3k5v,STJ,27,25,200,,,,,0.785,2.416,256,0,,0.957962,13.6198,
AF-P54760-F1-model_v4_0_5,AF-P54760-F1-model-v4-0-5-0-5orr-complex-refined_LIG_L_1,P54760,0,5,0_5orr,5orr,A5Q,16,24,197,,,,,2.859,2.865,240,0,,0.661432,1.16637,
AF-P54760-F1-model_v4_0_5,AF-P54760-F1-model-v4-0-5-1-5os5-complex-refined_LIG_L_1,P54760,0,5,1_5os5,5os5,A8K,15,26,215,,,,,4.232,3.222,248,0,,0.661432,1.16637,
AF-P54760-F1-model_v4_3_1,AF-P54760-F1-model-v4-3-1-0-5vm0-complex-refined_LIG_L_1,P54760,3,1,0_5vm0,5vm0,9EG,19,27,194,,,,,1.431,3.609,88,0,,0.749437,0.53558,
AF-P80192-F1-model_v4_0_0,AF-P80192-F1-model-v4-0-0-0-5xs2-complex-refined_LIG_L_1,P80192,0,0,0_5xs2,5xs2,8D6,15,19,150,,,,,2.3,4.594,184,0,,0.31919,0.143849,
AF-P80192-F1-model_v4_0_0,AF-P80192-F1-model-v4-0-0-1-4nw5-complex-refined_LIG_L_1,P80192,0,0,1_4nw5,4nw5,2NR,31,28,219,,,,,2.992,3.345,240,0,,0.31919,0.143849,
AF-P80192-F1-model_v4_0_0,AF-P80192-F1-model-v4-0-0-2-6q4e-complex-refined_LIG_L_1,P80192,0,0,2_6q4e,6q4e,HH5,11,16,116,,,,,1.681,3.853,232,0,,0.31919,0.143849,
AF-P80192-F1-model_v4_0_0,AF-P80192-F1-model-v4-0-0-3-4e20-complex-refined_LIG_L_1,P80192,0,0,3_4e20,4e20,0MY,27,27,197,,,,,2.768,3.884,240,0,,0.31919,0.143849,
AF-P80192-F1-model_v4_0_0,AF-P80192-F1-model-v4-0-0-4-3fc1-complex-refined_LIG_L_1,P80192,0,0,4_3fc1,3fc1,52P,28,32,251,,,,,3.141,3.961,192,0,,0.31919,0.143849,
AF-P80192-F1-model_v4_0_1,AF-P80192-F1-model-v4-0-1-1-4itj-complex-refined_LIG_L_1,P80192,0,1,1_4itj,4itj,1HX,21,26,209,,,,,3.985,3.293,240,0,,0.228338,0,
AF-P80192-F1-model_v4_0_1,AF-P80192-F1-model-v4-0-1-2-3cpb-complex-refined_LIG_L_1,P80192,0,1,2_3cpb,3cpb,C92,27,33,258,,,,,2.495,5.101,248,1,,0.228338,0,rmsd=5.1A
AF-P80192-F1-model_v4_0_1,AF-P80192-F1-model-v4-0-1-3-1wbt-complex-refined_LIG_L_1,P80192,0,1,3_1wbt,1wbt,WBT,33,34,274,,,,,0.901,3.789,200,1,,0.228338,0,
AF-P80192-F1-model_v4_0_1,AF-P80192-F1-model-v4-0-1-4-4e4x-complex-refined_LIG_L_1,P80192,0,1,4_4e4x,4e4x,T1Q,32,33,256,,,,,4.196,2.495,240,0,,0.228338,0,
AF-P80192-F1-model_v4_0_6,AF-P80192-F1-model-v4-0-6-0-4zsj-complex-refined_LIG_L_1,P80192,0,6,0_4zsj,4zsj,4R0,21,28,199,,,,,4.323,4.033,232,0,,0.471597,0,
AF-P80192-F1-model_v4_0_6,AF-P80192-F1-model-v4-0-6-1-4zsg-complex-refined_LIG_L_1,P80192,0,6,1_4zsg,4zsg,4QX,20,29,209,,,,,4.524,3.86,232,0,,0.471597,0,
AF-P80192-F1-model_v4_0_6,AF-P80192-F1-model-v4-0-6-2-2ewa-complex-refined_LIG_L_1,P80192,0,6,2_2ewa,2ewa,SB2,54,35,264,,,,,3.916,3.711,224,1,,0.471597,0,
AF-P80192-F1-model_v4_0_6,AF-P80192-F1-model-v4-0-6-3-3huc-complex-refined_LIG_L_1,P80192,0,6,3_3huc,3huc,G97,27,28,211,,,,,2.61,4.138,232,0,,0.471597,0,
AF-Q00534-F1-model_v4_0_0,AF-Q00534-F1-model-v4-0-0-0-4eos-complex-refined_LIG_L_1,Q00534,0,0,0_4eos,4eos,1RO,24,25,195,,,,,1.415,4.073,264,0,,0.585744,0.858681,
AF-Q00534-F1-model_v4_0_0,AF-Q00534-F1-model-v4-0-0-1-4cfu-complex-refined_LIG_L_1,Q00534,0,0,1_4cfu,4cfu,2WC,28,26,205,,,,,2.201,4.289,264,0,,0.585744,0.858681,
AF-Q00534-F1-model_v4_0_0,AF-Q00534-F1-model-v4-0-0-3-2xnn-complex-refined_LIG_L_1,Q00534,0,0,3_2xnn,2xnn,430,30,25,192,,,,,4.233,5.317,144,0,,0.585744,0.858681,rmsd=5.3A
AF-Q00534-F1-model_v4_0_0,AF-Q00534-F1-model-v4-0-0-4-1vjy-complex-refined_LIG_L_1,Q00534,0,0,4_1vjy,1vjy,460,22,24,197,,,,,3.199,5.613,216,0,,0.585744,0.858681,rmsd=5.6A
AF-Q00534-F1-model_v4_0_1,AF-Q00534-F1-model-v4-0-1-1-4iti-complex-refined_LIG_L_1,Q00534,0,1,1_4iti,4iti,1HW,31,38,315,,,,,5.741,3.982,240,1,,0.459764,0.178527,offset=5.7A
AF-Q00534-F1-model_v4_0_1,AF-Q00534-F1-model-v4-0-1-2-4an9-complex-refined_LIG_L_1,Q00534,0,1,2_4an9,4an9,2P7,24,25,212,,,,,2.557,3.259,248,0,,0.459764,0.178527,
AF-Q00534-F1-model_v4_0_1,AF-Q00534-F1-model-v4-0-1-3-4zsg-complex-refined_LIG_L_1,Q00534,0,1,3_4zsg,4zsg,4QX,20,25,203,,,,,4.486,4.726,256,0,,0.459764,0.178527,
AF-Q00534-F1-model_v4_0_1,AF-Q00534-F1-model-v4-0-1-4-5eko-complex-refined_LIG_L_1,Q00534,0,1,4_5eko,5eko,N17,28,28,229,,,,,0.747,5.147,248,0,,0.459764,0.178527,rmsd=5.1A
AF-Q00534-F1-model_v4_0_3,AF-Q00534-F1-model-v4-0-3-0-1wbn-complex-refined_LIG_L_1,Q00534,0,3,0_1wbn,1wbn,L09,28,39,307,,,,,2.07,4.658,264,1,,0.461833,0.683589,
AF-Q00534-F1-model_v4_0_3,AF-Q00534-F1-model-v4-0-3-1-2hz0-complex-refined_LIG_L_1,Q00534,0,3,1_2hz0,2hz0,GIN,31,36,285,,,,,1.445,3.599,240,1,,0.461833,0.683589,
AF-Q00534-F1-model_v4_0_3,AF-Q00534-F1-model-v4-0-3-2-6n0q-complex-refined_LIG_L_1,Q00534,0,3,2_6n0q,6n0q,K7S,62,34,269,,,,,1.633,5.188,232,1,,0.461833,0.683589,rmsd=5.2A
AF-Q00534-F1-model_v4_0_3,AF-Q00534-F1-model-v4-0-3-3-6ocq-complex-refined_LIG_L_1,Q00534,0,3,3_6ocq,6ocq,M5J,18,26,211,,,,,5.422,3.954,240,0,,0.461833,0.683589,offset=5.4A
AF-Q00534-F1-model_v4_0_3,AF-Q00534-F1-model-v4-0-3-4-1w7h-complex-refined_LIG_L_1,Q00534,0,3,4_1w7h,1w7h,3IP,15,26,210,,,,,5.365,3.69,280,0,,0.461833,0.683589,offset=5.4A
AF-Q00534-F1-model_v4_0_6,AF-Q00534-F1-model-v4-0-6-0-5orv-complex-refined_LIG_L_1,Q00534,0,6,0_5orv,5orv,A65,11,20,158,,,,,2.336,4.168,208,0,,0.502678,0.248385,
AF-Q00534-F1-model_v4_0_6,AF-Q00534-F1-model-v4-0-6-1-5ort-complex-refined_LIG_L_1,Q00534,0,6,1_5ort,5ort,A5Z,16,25,197,,,,,3.359,5.305,216,0,,0.502678,0.248385,rmsd=5.3A
AF-Q00534-F1-model_v4_0_6,AF-Q00534-F1-model-v4-0-6-2-5os5-complex-refined_LIG_L_1,Q00534,0,6,2_5os5,5os5,A8K,15,25,194,,,,,0.427,4.18,208,0,,0.502678,0.248385,
AF-Q02750-F1-model_v4_0_0,AF-Q02750-F1-model-v4-0-0-0-2r3m-complex-refined_LIG_L_1,Q02750,0,0,0_2r3m,2r3m,SCX,28,30,214,,,,,1.891,3.083,240,0,,0.413041,0.545318,
AF-Q02750-F1-model_v4_0_0,AF-Q02750-F1-model-v4-0-0-1-5ax3-complex-refined_LIG_L_1,Q02750,0,0,1_5ax3,5ax3,5ID,20,26,196,,,,,2.471,3.807,232,0,,0.413041,0.545318,
AF-Q02750-F1-model_v4_0_0,AF-Q02750-F1-model-v4-0-0-2-4ztq-complex-refined_LIG_L_1,Q02750,0,0,2_4ztq,4ztq,4RM,26,33,248,,,,,2.847,3.462,232,0,,0.413041,0.545318,
AF-Q02750-F1-model_v4_0_0,AF-Q02750-F1-model-v4-0-0-3-6hkm-complex-refined_LIG_L_1,Q02750,0,0,3_6hkm,6hkm,G92,33,37,284,,,,,3.442,4.126,184,1,,0.413041,0.545318,
AF-Q02750-F1-model_v4_0_0,AF-Q02750-F1-model-v4-0-0-4-6q4g-complex-refined_LIG_L_1,Q02750,0,0,4_6q4g,6q4g,HJK,40,26,179,,,,,0.568,3.397,248,0,,0.413041,0.545318,
AF-Q02750-F1-model_v4_0_1,AF-Q02750-F1-model-v4-0-1-0-4x7l-complex-refined_LIG_L_1,Q02750,0,1,0_4x7l,4x7l,3Z4,40,41,319,,,,,1.641,4.14,192,1,,0.502313,0.740555,
AF-Q02750-F1-model_v4_0_1,AF-Q02750-F1-model-v4-0-1-1-3nnu-complex-refined_LIG_L_1,Q02750,0,1,1_3nnu,3nnu,EDB,32,38,297,,,,,2.646,4.233,208,1,,0.502313,0.740555,
AF-Q02750-F1-model_v4_0_1,AF-Q02750-F1-model-v4-0-1-3-6pl2-complex-refined_LIG_L_1,Q02750,0,1,3_6pl2,6pl2,OOM,32,37,289,,,,,0.959,4.241,248,1,,0.502313,0.740555,
AF-Q02750-F1-model_v4_0_1,AF-Q02750-F1-model-v4-0-1-4-3nnv-complex-refined_LIG_L_1,Q02750,0,1,4_3nnv,3nnv,437,31,38,292,,,,,2.08,3.599,208,1,,0.502313,0.740555,
AF-Q02750-F1-model_v4_0_3,AF-Q02750-F1-model-v4-0-3-2-5orr-complex-refined_LIG_L_1,Q02750,0,3,2_5orr,5orr,A5Q,16,21,173,,,,,1.127,3.665,216,0,,0.720669,1.86394,
AF-Q02750-F1-model_v4_0_3,AF-Q02750-F1-model-v4-0-3-3-5obr-complex-refined_LIG_L_1,Q02750,0,3,3_5obr,5obr,9QT,21,18,149,,,,,0.959,2.814,248,0,,0.720669,1.86394,
AF-Q02750-F1-model_v4_0_6,AF-Q02750-F1-model-v4-0-6-0-4m0z-complex-refined_LIG_L_1,Q02750,0,6,0_4m0z,4m0z,M0Z,24,30,231,,,,,1.357,2.95,248,0,,0.387425,0,
AF-Q02750-F1-model_v4_0_6,AF-Q02750-F1-model-v4-0-6-1-4m12-complex-refined_LIG_L_1,Q02750,0,6,1_4m12,4m12,1YZ,25,31,239,,,,,1.458,2.951,248,0,,0.387425,0,
AF-Q04759-F1-model_v4_0_0,AF-Q04759-F1-model-v4-0-0-0-6ny4-complex-refined_LIG_L_1,Q04759,0,0,0_6ny4,6ny4,Z3A,25,28,221,,,,,2.099,3.264,248,0,,0.528466,1.09348,
AF-Q04759-F1-model_v4_0_0,AF-Q04759-F1-model-v4-0-0-1-3iph-complex-refined_LIG_L_1,Q04759,0,0,1_3iph,3iph,G11,26,36,287,,,,,2.734,3.748,248,1,,0.528466,1.09348,
AF-Q04759-F1-model_v4_0_0,AF-Q04759-F1-model-v4-0-0-2-4cli-complex-refined_LIG_L_1,Q04759,0,0,2_4cli,4cli,5P8,30,33,263,,,,,1.452,4.157,224,1,,0.528466,1.09348,
AF-Q04759-F1-model_v4_0_0,AF-Q04759-F1-model-v4-0-0-3-5uir-complex-refined_LIG_L_1,Q04759,0,0,3_5uir,5uir,8BY,25,32,260,,,,,1.859,4.225,240,1,,0.528466,1.09348,
AF-Q04759-F1-model_v4_0_0,AF-Q04759-F1-model-v4-0-0-4-4hcv-complex-refined_LIG_L_1,Q04759,0,0,4_4hcv,4hcv,13J,38,38,308,,,,,1.695,4.123,232,1,,0.528466,1.09348,
AF-Q04759-F1-model_v4_0_1,AF-Q04759-F1-model-v4-0-1-0-5eko-complex-refined_LIG_L_1,Q04759,0,1,0_5eko,5eko,N17,28,35,282,,,,,2.567,3.398,200,1,,0.413517,0.33605,
AF-Q04759-F1-model_v4_0_1,AF-Q04759-F1-model-v4-0-1-1-3idp-complex-refined_LIG_L_1,Q04759,0,1,1_3idp,3idp,L1E,35,34,267,,,,,1.928,3.526,248,1,,0.413517,0.33605,
AF-Q04759-F1-model_v4_0_1,AF-Q04759-F1-model-v4-0-1-2-4eh8-complex-refined_LIG_L_1,Q04759,0,1,2_4eh8,4eh8,0OP,16,25,207,,,,,3.416,3.401,248,0,,0.413517,0.33605,
AF-Q04759-F1-model_v4_0_1,AF-Q04759-F1-model-v4-0-1-3-3cpc-complex-refined_LIG_L_1,Q04759,0,1,3_3cpc,3cpc,C52,29,31,246,,,,,1.161,3.585,240,0,,0.413517,0.33605,
AF-Q04759-F1-model_v4_0_2,AF-Q04759-F1-model-v4-0-2-0-6c3e-complex-refined_LIG_L_1,Q04759,0,2,0_6c3e,6c3e,EJY,19,23,182,,,,,1.675,4.899,224,0,,0.486839,1.11083,
AF-Q04759-F1-model_v4_0_2,AF-Q04759-F1-model-v4-0-2-1-4itj-complex-refined_LIG_L_1,Q04759,0,2,1_4itj,4itj,1HX,21,28,228,,,,,2.168,5.097,216,0,,0.486839,1.11083,rmsd=5.1A
AF-Q04759-F1-model_v4_0_2,AF-Q04759-F1-model-v4-0-2-2-6nyh-complex-refined_LIG_L_1,Q04759,0,2,2_6nyh,6nyh,L8D,32,35,274,,,,,2.248,4.673,216,1,,0.486839,1.11083,
AF-Q04759-F1-model_v4_0_2,AF-Q04759-F1-model-v4-0-2-3-6ocq-complex-refined_LIG_L_1,Q04759,0,2,3_6ocq,6ocq,M5J,18,27,219,,,,,2.432,4.834,232,0,,0.486839,1.11083,
AF-Q04759-F1-model_v4_0_2,AF-Q04759-F1-model-v4-0-2-4-4i4f-complex-refined_LIG_L_1,Q04759,0,2,4_4i4f,4i4f,1BR,29,38,317,,,,,6.11,3.854,240,1,,0.486839,1.11083,offset=6.1A
AF-Q04759-F1-model_v4_0_3,AF-Q04759-F1-model-v4-0-3-0-6e4u-complex-refined_LIG_L_1,Q04759,0,3,0_6e4u,6e4u,HU7,36,26,209,,,,,1.534,2.114,264,0,,0.887178,10.2102,
AF-Q04759-F1-model_v4_0_4,AF-Q04759-F1-model-v4-0-4-0-1w7h-complex-refined_LIG_L_1,Q04759,0,4,0_1w7h,1w7h,3IP,15,26,212,,,,,2.252,3.916,248,0,,0.491562,0.776505,
AF-Q04759-F1-model_v4_0_4,AF-Q04759-F1-model-v4-0-4-1-3huc-complex-refined_LIG_L_1,Q04759,0,4,1_3huc,3huc,G97,27,27,216,,,,,3.443,3.739,248,0,,0.491562,0.776505,
AF-Q04759-F1-model_v4_0_4,AF-Q04759-F1-model-v4-0-4-2-1bmk-complex-refined_LIG_L_1,Q04759,0,4,2_1bmk,1bmk,SB5,23,31,247,,,,,2.04,3.644,248,0,,0.491562,0.776505,
AF-Q04759-F1-model_v4_0_5,AF-Q04759-F1-model-v4-0-5-0-5orv-complex-refined_LIG_L_1,Q04759,0,5,0_5orv,5orv,A65,11,23,194,,,,,0.524,2.714,264,0,,0.591664,2.16162,
AF-Q04759-F1-model_v4_0_5,AF-Q04759-F1-model-v4-0-5-1-5mrd-complex-refined_LIG_L_1,Q04759,0,5,1_5mrd,5mrd,S26,23,25,223,,,,,1.719,1.747,272,0,,0.591664,2.16162,
AF-Q04759-F1-model_v4_0_5,AF-Q04759-F1-model-v4-0-5-2-5obr-complex-refined_LIG_L_1,Q04759,0,5,2_5obr,5obr,9QT,21,30,250,,,,,2.325,1.885,248,0,,0.591664,2.16162,
AF-Q06418-F1-model_v4_0_0,AF-Q06418-F1-model-v4-0-0-0-5lck-complex-refined_LIG_L_1,Q06418,0,0,0_5lck,5lck,6TT,31,26,203,,,,,3.575,3.694,248,0,,0.739645,1.06034,
AF-Q06418-F1-model_v4_0_0,AF-Q06418-F1-model-v4-0-0-1-5hbe-complex-refined_LIG_L_1,Q06418,0,0,1_5hbe,5hbe,5Y6,30,25,185,,,,,0.711,5.21,256,0,,0.739645,1.06034,rmsd=5.2A
AF-Q06418-F1-model_v4_0_0,AF-Q06418-F1-model-v4-0-0-2-1pme-complex-refined_LIG_L_1,Q06418,0,0,2_1pme,1pme,SB2,27,28,212,,,,,1.509,3.664,240,0,,0.739645,1.06034,
AF-Q06418-F1-model_v4_0_0,AF-Q06418-F1-model-v4-0-0-3-6c2y-complex-refined_LIG_L_1,Q06418,0,0,3_6c2y,6c2y,EJS,39,31,244,,,,,3.698,4.248,248,0,,0.739645,1.06034,
AF-Q06418-F1-model_v4_0_0,AF-Q06418-F1-model-v4-0-0-4-3d7z-complex-refined_LIG_L_1,Q06418,0,0,4_3d7z,3d7z,GK5,26,30,230,,,,,2.158,3.921,248,0,,0.739645,1.06034,
AF-Q06418-F1-model_v4_0_4,AF-Q06418-F1-model-v4-0-4-0-6npv-complex-refined_LIG_L_1,Q06418,0,4,0_6npv,6npv,KWP,25,26,219,,,,,2.759,2.778,248,0,,0.803903,5.56252,
AF-Q06418-F1-model_v4_0_4,AF-Q06418-F1-model-v4-0-4-1-6npe-complex-refined_LIG_L_1,Q06418,0,4,1_6npe,6npe,KWD,19,23,192,,,,,1.754,2.624,240,0,,0.803903,5.56252,
AF-Q06418-F1-model_v4_0_4,AF-Q06418-F1-model-v4-0-4-2-3ms9-complex-refined_LIG_L_1,Q06418,0,4,2_3ms9,3ms9,MS9,12,21,174,,,,,2.94,2.774,248,0,,0.803903,5.56252,
AF-Q06418-F1-model_v4_2_0,AF-Q06418-F1-model-v4-2-0-0-5dqe-complex-refined_LIG_L_1,Q06418,2,0,0_5dqe,5dqe,5E4,17,25,206,,,,,7.104,5.024,72,0,,0.823727,4.69681,offset=7.1A;rmsd=5.0A
AF-Q06418-F1-model_v4_2_1,AF-Q06418-F1-model-v4-2-1-0-5vm0-complex-refined_LIG_L_1,Q06418,2,1,0_5vm0,5vm0,9EG,19,21,145,,,,,2.979,4.626,80,0,,0.55704,1.54723,
AF-Q06418-F1-model_v4_2_1,AF-Q06418-F1-model-v4-2-1-1-5o1d-complex-refined_LIG_L_1,Q06418,2,1,1_5o1d,5o1d,9GW,20,18,144,,,,,6.958,5.514,72,0,,0.55704,1.54723,offset=7.0A;rmsd=5.5A
AF-Q06418-F1-model_v4_2_1,AF-Q06418-F1-model-v4-2-1-2-3qxt-complex-refined_LIG_L_1,Q06418,2,1,2_3qxt,3qxt,MTX,33,23,170,,,,,6.577,5.037,80,0,,0.55704,1.54723,offset=6.6A;rmsd=5.0A
AF-Q06418-F1-model_v4_2_1,AF-Q06418-F1-model-v4-2-1-3-5vm6-complex-refined_LIG_L_1,Q06418,2,1,3_5vm6,5vm6,9EG,19,21,159,,,,,4.667,4.346,80,0,,0.55704,1.54723,
AF-Q06418-F1-model_v4_2_1,AF-Q06418-F1-model-v4-2-1-4-5o1i-complex-refined_LIG_L_1,Q06418,2,1,4_5o1i,5o1i,9GH,24,18,143,,,,,6.488,5.535,72,0,,0.55704,1.54723,offset=6.5A;rmsd=5.5A
AF-Q13043-F1-model_v4_0_1,AF-Q13043-F1-model-v4-0-1-0-6npe-complex-refined_LIG_L_1,Q13043,0,1,0_6npe,6npe,KWD,19,24,193,,,,,1.925,3.404,240,0,,0.872695,9.31585,
AF-Q13043-F1-model_v4_0_1,AF-Q13043-F1-model-v4-0-1-1-3ms9-complex-refined_LIG_L_1,Q13043,0,1,1_3ms9,3ms9,MS9,12,22,179,,,,,4.658,3.51,240,0,,0.872695,9.31585,
AF-Q13043-F1-model_v4_0_1,AF-Q13043-F1-model-v4-0-1-2-3k5v-complex-refined_LIG_L_1,Q13043,0,1,2_3k5v,3k5v,STJ,27,22,180,,,,,1.48,3.287,240,0,,0.872695,9.31585,
AF-Q13043-F1-model_v4_0_1,AF-Q13043-F1-model-v4-0-1-3-6npu-complex-refined_LIG_L_1,Q13043,0,1,3_6npu,6npu,KWV,17,25,204,,,,,2.373,3.379,240,0,,0.872695,9.31585,
AF-Q13131-F1-model_v4_0_0,AF-Q13131-F1-model-v4-0-0-0-4wnk-complex-refined_LIG_L_1,Q13131,0,0,0_4wnk,4wnk,453,37,32,245,,,,,3.298,2.258,264,0,,0.638904,0.714107,
AF-Q13131-F1-model_v4_0_0,AF-Q13131-F1-model-v4-0-0-1-5f95-complex-refined_LIG_L_1,Q13131,0,0,1_5f95,5f95,3UP,27,24,176,,,,,1.421,2.81,256,0,,0.638904,0.714107,
AF-Q13131-F1-model_v4_0_0,AF-Q13131-F1-model-v4-0-0-2-4nw6-complex-refined_LIG_L_1,Q13131,0,0,2_4nw6,4nw6,2NS,31,20,144,,,,,3.693,3.191,264,0,,0.638904,0.714107,
AF-Q13131-F1-model_v4_0_0,AF-Q13131-F1-model-v4-0-0-3-4yve-complex-refined_LIG_L_1,Q13131,0,0,3_4yve,4yve,4KK,23,24,181,,,,,2.156,2.716,264,0,,0.638904,0.714107,
AF-Q13131-F1-model_v4_0_0,AF-Q13131-F1-model-v4-0-0-4-5vja-complex-refined_LIG_L_1,Q13131,0,0,4_5vja,5vja,DUK,23,24,178,,,,,1.082,2.003,248,0,,0.638904,0.714107,
AF-Q13131-F1-model_v4_0_2,AF-Q13131-F1-model-v4-0-2-0-5hng-complex-refined_LIG_L_1,Q13131,0,2,0_5hng,5hng,62O,16,17,120,,,,,0.803,1.642,256,0,,0.45619,0.5375,
AF-Q13131-F1-model_v4_0_2,AF-Q13131-F1-model-v4-0-2-1-1q5k-complex-refined_LIG_L_1,Q13131,0,2,1_1q5k,1q5k,TMU,21,21,152,,,,,1.172,2.763,256,0,,0.45619,0.5375,
AF-Q13131-F1-model_v4_0_2,AF-Q13131-F1-model-v4-0-2-2-3nus-complex-refined_LIG_L_1,Q13131,0,2,2_3nus,3nus,JNZ,10,15,108,,,,,3.042,1.634,256,0,,0.45619,0.5375,
AF-Q13177-F1-model_v4_0_0,AF-Q13177-F1-model-v4-0-0-0-6ge0-complex-refined_LIG_L_1,Q13177,0,0,0_6ge0,6ge0,EVQ,38,41,310,,,,,3.823,3.863,256,1,,0.398793,0.33325,
AF-Q13177-F1-model_v4_0_0,AF-Q13177-F1-model-v4-0-0-1-6hmr-complex-refined_LIG_L_1,Q13177,0,0,1_6hmr,6hmr,GE5,41,37,287,,,,,2.623,3.414,256,1,,0.398793,0.33325,
AF-Q13177-F1-model_v4_0_0,AF-Q13177-F1-model-v4-0-0-3-2wpa-complex-refined_LIG_L_1,Q13177,0,0,3_2wpa,2wpa,889,26,32,232,,,,,0.662,2.815,256,0,,0.398793,0.33325,
AF-Q13177-F1-model_v4_0_0,AF-Q13177-F1-model-v4-0-0-4-5cau-complex-refined_LIG_L_1,Q13177,0,0,4_5cau,5cau,4ZR,34,31,229,,,,,0.313,3.12,248,0,,0.398793,0.33325,
AF-Q13177-F1-model_v4_0_2,AF-Q13177-F1-model-v4-0-2-0-5orr-complex-refined_LIG_L_1,Q13177,0,2,0_5orr,5orr,A5Q,16,25,201,,,,,1.068,2.261,256,0,,0.725027,2.16612,
AF-Q13177-F1-model_v4_0_3,AF-Q13177-F1-model-v4-0-3-0-5bq0-complex-refined_LIG_L_1,Q13177,0,3,0_5bq0,5bq0,4US,62,31,228,,,,,2.818,3.798,248,0,,0.348859,0.629764,
AF-Q13177-F1-model_v4_0_3,AF-Q13177-F1-model-v4-0-3-1-3zly-complex-refined_LIG_L_1,Q13177,0,3,1_3zly,3zly,YSO,12,17,122,,,,,2.036,4.188,240,0,,0.348859,0.629764,
AF-Q13177-F1-model_v4_0_3,AF-Q13177-F1-model-v4-0-3-2-4gfm-complex-refined_LIG_L_1,Q13177,0,3,2_4gfm,4gfm,0X2,18,21,155,,,,,2.533,3.424,264,0,,0.348859,0.629764,
AF-Q13177-F1-model_v4_0_3,AF-Q13177-F1-model-v4-0-3-3-4bdg-complex-refined_LIG_L_1,Q13177,0,3,3_4bdg,4bdg,P3J,12,17,120,,,,,1.808,3.328,232,0,,0.348859,0.629764,
AF-Q13177-F1-model_v4_0_3,AF-Q13177-F1-model-v4-0-3-4-6gl9-complex-refined_LIG_L_1,Q13177,0,3,4_6gl9,6gl9,F3W,28,24,177,,,,,1.642,3.445,264,0,,0.348859,0.629764,
AF-Q13177-F1-model_v4_0_4,AF-Q13177-F1-model-v4-0-4-0-6n3o-complex-refined_LIG_L_1,Q13177,0,4,0_6n3o,6n3o,KA7,30,34,258,,,,,2.569,3.234,240,1,,0.377178,0.209372,
AF-Q13177-F1-model_v4_0_4,AF-Q13177-F1-model-v4-0-4-1-4m13-complex-refined_LIG_L_1,Q13177,0,4,1_4m13,4m13,1E0,26,30,241,,,,,5.359,4.313,232,0,,0.377178,0.209372,offset=5.4A
AF-Q13177-F1-model_v4_0_4,AF-Q13177-F1-model-v4-0-4-2-4m0z-complex-refined_LIG_L_1,Q13177,0,4,2_4m0z,4m0z,M0Z,24,28,222,,,,,5.361,4.226,232,0,,0.377178,0.209372,offset=5.4A
AF-Q13177-F1-model_v4_0_4,AF-Q13177-F1-model-v4-0-4-3-3vbv-complex-refined_LIG_L_1,Q13177,0,4,3_3vbv,3vbv,0FK,14,20,159,,,,,6.349,2.767,256,0,,0.377178,0.209372,offset=6.3A
AF-Q13177-F1-model_v4_0_5,AF-Q13177-F1-model-v4-0-5-1-1w7h-complex-refined_LIG_L_1,Q13177,0,5,1_1w7h,1w7h,3IP,15,25,203,,,,,2.419,4.538,200,0,,0.513035,1.67623,
AF-Q13464-F1-model_v4_0_0,AF-Q13464-F1-model-v4-0-0-0-3cqw-complex-refined_LIG_L_1,Q13464,0,0,0_3cqw,3cqw,CQW,19,21,168,,,,,1.291,1.983,288,0,,0.41064,0.583795,
AF-Q13464-F1-model_v4_0_0,AF-Q13464-F1-model-v4-0-0-1-5nhv-complex-refined_LIG_L_1,Q13464,0,0,1_5nhv,5nhv,8QB,23,28,218,,,,,1.45,3.958,264,0,,0.41064,0.583795,
AF-Q13464-F1-model_v4_0_0,AF-Q13464-F1-model-v4-0-0-2-5he0-complex-refined_LIG_L_1,Q13464,0,0,2_5he0,5he0,453,37,31,236,,,,,3.888,4.019,304,0,,0.41064,0.583795,
AF-Q13464-F1-model_v4_0_0,AF-Q13464-F1-model-v4-0-0-3-3bgp-complex-refined_LIG_L_1,Q13464,0,0,3_3bgp,3bgp,VX1,23,28,219,,,,,1.933,2.974,256,0,,0.41064,0.583795,
AF-Q13464-F1-model_v4_0_0,AF-Q13464-F1-model-v4-0-0-4-5k4i-complex-refined_LIG_L_1,Q13464,0,0,4_5k4i,5k4i,6QB,31,36,280,,,,,0.473,2.648,248,1,,0.41064,0.583795,
AF-Q14994-F1-model_v4_0_8,AF-Q14994-F1-model-v4-0-8-0-2ylo-complex-refined_LIG_L_1,Q14994,0,8,0_2ylo,2ylo,YLO,29,20,165,,,,,1.359,3.543,216,0,,0.818733,5.32411,
AF-Q15418-F1-model_v4_0_0,AF-Q15418-F1-model-v4-0-0-0-2wei-complex-refined_LIG_L_1,Q15418,0,0,0_2wei,2wei,VGG,22,24,193,,,,,1.427,3.712,240,0,,0.367887,0.725207,
AF-Q15418-F1-model_v4_0_0,AF-Q15418-F1-model-v4-0-0-1-4gj2-complex-refined_LIG_L_1,Q15418,0,0,1_4gj2,4gj2,0XH,24,28,227,,,,,2.151,3.472,256,0,,0.367887,0.725207,
AF-Q15418-F1-model_v4_0_0,AF-Q15418-F1-model-v4-0-0-2-4gcj-complex-refined_LIG_L_1,Q15418,0,0,2_4gcj,4gcj,X64,28,31,254,,,,,1.451,4.527,248,0,,0.367887,0.725207,
AF-Q15418-F1-model_v4_0_0,AF-Q15418-F1-model-v4-0-0-3-5z1e-complex-refined_LIG_L_1,Q15418,0,0,3_5z1e,5z1e,95U,21,23,190,,,,,1.605,3.12,248,0,,0.367887,0.725207,
AF-Q15418-F1-model_v4_0_0,AF-Q15418-F1-model-v4-0-0-4-1w7h-complex-refined_LIG_L_1,Q15418,0,0,4_1w7h,1w7h,3IP,15,25,205,,,,,3.417,3.939,248,0,,0.367887,0.725207,
AF-Q15418-F1-model_v4_0_4,AF-Q15418-F1-model-v4-0-4-0-5os5-complex-refined_LIG_L_1,Q15418,0,4,0_5os5,5os5,A8K,15,21,178,,,,,0.926,2.06,256,0,,0.670316,1.27628,
AF-Q15418-F1-model_v4_0_4,AF-Q15418-F1-model-v4-0-4-1-5orr-complex-refined_LIG_L_1,Q15418,0,4,1_5orr,5orr,A5Q,16,27,229,,,,,2.016,2.041,256,0,,0.670316,1.27628,
AF-Q15418-F1-model_v4_1_0,AF-Q15418-F1-model-v4-1-0-0-2pmn-complex-refined_LIG_L_1,Q15418,1,0,0_2pmn,2pmn,K51,24,28,209,,,,,2.302,3.623,232,0,,0.695389,2.25507,
AF-Q15418-F1-model_v4_1_0,AF-Q15418-F1-model-v4-1-0-1-1h1r-complex-refined_LIG_L_1,Q15418,1,0,1_1h1r,1h1r,6CP,50,21,150,,,,,1.044,3.304,232,0,,0.695389,2.25507,
AF-Q15418-F1-model_v4_1_0,AF-Q15418-F1-model-v4-1-0-2-5ax9-complex-refined_LIG_L_1,Q15418,1,0,2_5ax9,5ax9,4KT,31,29,229,,,,,2.208,4.158,240,0,,0.695389,2.25507,
AF-Q15418-F1-model_v4_1_0,AF-Q15418-F1-model-v4-1-0-4-3fzr-complex-refined_LIG_L_1,Q15418,1,0,4_3fzr,3fzr,3JZ,35,27,198,,,,,0.661,3.878,232,0,,0.695389,2.25507,
AF-Q15418-F1-model_v4_1_4,AF-Q15418-F1-model-v4-1-4-0-4m0z-complex-refined_LIG_L_1,Q15418,1,4,0_4m0z,4m0z,M0Z,24,28,227,,,,,2.4,4.032,224,0,,0.580089,0.3225,
AF-Q15418-F1-model_v4_1_4,AF-Q15418-F1-model-v4-1-4-1-4m13-complex-refined_LIG_L_1,Q15418,1,4,1_4m13,4m13,1E0,26,28,226,,,,,2.492,3.967,224,0,,0.580089,0.3225,
AF-Q16539-F1-model_v4_0_0,AF-Q16539-F1-model-v4-0-0-0-6bfa-complex-refined_LIG_L_1,Q16539,0,0,0_6bfa,6bfa,UW5,29,27,189,,,,,1.215,4.08,224,0,,0.573956,0.521608,
AF-Q16539-F1-model_v4_0_0,AF-Q16539-F1-model-v4-0-0-1-2hz0-complex-refined_LIG_L_1,Q16539,0,0,1_2hz0,2hz0,GIN,31,34,254,,,,,4.601,3.195,240,0,,0.573956,0.521608,
AF-Q16539-F1-model_v4_0_0,AF-Q16539-F1-model-v4-0-0-2-4zlz-complex-refined_LIG_L_1,Q16539,0,0,2_4zlz,4zlz,4RV,21,21,151,,,,,2.806,4.156,224,0,,0.573956,0.521608,
AF-Q16539-F1-model_v4_0_0,AF-Q16539-F1-model-v4-0-0-3-5nhp-complex-refined_LIG_L_1,Q16539,0,0,3_5nhp,5nhp,8XK,28,27,191,,,,,1.842,1.938,296,0,,0.573956,0.521608,
AF-Q16539-F1-model_v4_0_0,AF-Q16539-F1-model-v4-0-0-4-4gk4-complex-refined_LIG_L_1,Q16539,0,0,4_4gk4,4gk4,L90,29,29,207,,,,,1.369,4.412,248,0,,0.573956,0.521608,
AF-Q16539-F1-model_v4_0_1,AF-Q16539-F1-model-v4-0-1-0-6aam-complex-refined_LIG_L_1,Q16539,0,1,0_6aam,6aam,9T6,24,20,140,,,,,2.102,3.989,248,0,,0.414185,1.07116,
AF-Q16539-F1-model_v4_0_1,AF-Q16539-F1-model-v4-0-1-2-4twp-complex-refined_LIG_L_1,Q16539,0,1,2_4twp,4twp,AXI,28,28,198,,,,,1.226,3.49,240,0,,0.414185,1.07116,
AF-Q16539-F1-model_v4_0_1,AF-Q16539-F1-model-v4-0-1-3-2yer-complex-refined_LIG_L_1,Q16539,0,1,3_2yer,2yer,TQ1,21,19,134,,,,,1.746,3.302,240,0,,0.414185,1.07116,
AF-Q16539-F1-model_v4_0_1,AF-Q16539-F1-model-v4-0-1-4-5da3-complex-refined_LIG_L_1,Q16539,0,1,4_5da3,5da3,58V,40,23,164,,,,,4.614,4.176,208,0,,0.414185,1.07116,
AF-Q16539-F1-model_v4_0_2,AF-Q16539-F1-model-v4-0-2-0-6npe-complex-refined_LIG_L_1,Q16539,0,2,0_6npe,6npe,KWD,19,26,202,,,,,2.289,3.516,232,0,,0.577531,0,
AF-Q16539-F1-model_v4_0_2,AF-Q16539-F1-model-v4-0-2-1-6npu-complex-refined_LIG_L_1,Q16539,0,2,1_6npu,6npu,KWV,17,24,186,,,,,3.189,3.579,232,0,,0.577531,0,
AF-Q16539-F1-model_v4_0_2,AF-Q16539-F1-model-v4-0-2-2-6hd4-complex-refined_LIG_L_1,Q16539,0,2,2_6hd4,6hd4,FYW,64,26,206,,,,,1.646,4.852,240,0,,0.577531,0,
AF-Q16539-F1-model_v4_0_2,AF-Q16539-F1-model-v4-0-2-3-6npv-complex-refined_LIG_L_1,Q16539,0,2,3_6npv,6npv,KWP,25,25,197,,,,,1.325,3.883,232,0,,0.577531,0,
AF-Q16539-F1-model_v4_0_3,AF-Q16539-F1-model-v4-0-3-0-5orr-complex-refined_LIG_L_1,Q16539,0,3,0_5orr,5orr,A5Q,16,31,274,,,,,2.324,2.937,248,1,,0.7407,3.35916,
AF-Q16539-F1-model_v4_0_3,AF-Q16539-F1-model-v4-0-3-1-4rqv-complex-refined_LIG_L_1,Q16539,0,3,1_4rqv,4rqv,R2S,23,32,286,,,,,2.393,3.488,256,1,,0.7407,3.35916,
AF-Q16539-F1-model_v4_0_3,AF-Q16539-F1-model-v4-0-3-2-4rqk-complex-refined_LIG_L_1,Q16539,0,3,2_4rqk,4rqk,R1S,23,31,276,,,,,2.474,3.525,256,1,,0.7407,3.35916,
AF-Q8IU85-F1-model_v4_0_0,AF-Q8IU85-F1-model-v4-0-0-0-4iq6-complex-refined_LIG_L_1,Q8IU85,0,0,0_4iq6,4iq6,IQ6,23,21,158,,,,,1.319,4.549,240,0,,0.452831,0.277708,
AF-Q8IU85-F1-model_v4_0_0,AF-Q8IU85-F1-model-v4-0-0-1-4yvc-complex-refined_LIG_L_1,Q8IU85,0,0,1_4yvc,4yvc,4KH,21,24,178,,,,,1.948,3.286,248,0,,0.452831,0.277708,
AF-Q8IU85-F1-model_v4_0_0,AF-Q8IU85-F1-model-v4-0-0-2-4bdk-complex-refined_LIG_L_1,Q8IU85,0,0,2_4bdk,4bdk,RQQ,22,18,136,,,,,8.238,4.98,160,0,,0.452831,0.277708,offset=8.2A
AF-Q8IU85-F1-model_v4_0_0,AF-Q8IU85-F1-model-v4-0-0-3-4qt1-complex-refined_LIG_L_1,Q8IU85,0,0,3_4qt1,4qt1,3C9,26,26,189,,,,,1.083,3.574,240,0,,0.452831,0.277708,
AF-Q8IU85-F1-model_v4_0_0,AF-Q8IU85-F1-model-v4-0-0-4-6g4z-complex-refined_LIG_L_1,Q8IU85,0,0,4_6g4z,6g4z,ELW,29,26,190,,,,,2.238,3.787,248,0,,0.452831,0.277708,
AF-Q8IW41-F1-model_v4_0_0,AF-Q8IW41-F1-model-v4-0-0-0-6p1d-complex-refined_LIG_L_1,Q8IW41,0,0,0_6p1d,6p1d,ANP,31,30,225,,,,,5.098,4.15,240,0,,0.563138,2.90083,offset=5.1A
AF-Q8IW41-F1-model_v4_0_0,AF-Q8IW41-F1-model-v4-0-0-1-3v51-complex-refined_LIG_L_1,Q8IW41,0,0,1_3v51,3v51,I76,32,32,251,,,,,1.427,3.612,256,0,,0.563138,2.90083,
AF-Q8IW41-F1-model_v4_0_0,AF-Q8IW41-F1-model-v4-0-0-2-4e4x-complex-refined_LIG_L_1,Q8IW41,0,0,2_4e4x,4e4x,T1Q,32,37,284,,,,,2.568,4.197,232,1,,0.563138,2.90083,
AF-Q8IW41-F1-model_v4_0_0,AF-Q8IW41-F1-model-v4-0-0-3-1wbv-complex-refined_LIG_L_1,Q8IW41,0,0,3_1wbv,1wbv,LI3,25,35,273,,,,,3.929,5.126,232,1,,0.563138,2.90083,rmsd=5.1A
AF-Q8IW41-F1-model_v4_0_0,AF-Q8IW41-F1-model-v4-0-0-4-3db6-complex-refined_LIG_L_1,Q8IW41,0,0,4_3db6,3db6,FRS,34,34,254,,,,,2.27,2.919,232,0,,0.563138,2.90083,
AF-Q8IW41-F1-model_v4_0_2,AF-Q8IW41-F1-model-v4-0-2-0-6qhr-complex-refined_LIG_L_1,Q8IW41,0,2,0_6qhr,6qhr,J3N,29,34,257,,,,,1.41,4.163,232,1,,0.661435,0.992659,
AF-Q8IW41-F1-model_v4_0_2,AF-Q8IW41-F1-model-v4-0-2-1-5hcx-complex-refined_LIG_L_1,Q8IW41,0,2,1_5hcx,5hcx,60B,31,30,225,,,,,1.09,3.869,240,0,,0.661435,0.992659,
AF-Q8IW41-F1-model_v4_0_2,AF-Q8IW41-F1-model-v4-0-2-2-3unj-complex-refined_LIG_L_1,Q8IW41,0,2,2_3unj,3unj,0BX,23,22,168,,,,,3.799,4.298,224,0,,0.661435,0.992659,
AF-Q8IW41-F1-model_v4_0_2,AF-Q8IW41-F1-model-v4-0-2-3-2w05-complex-refined_LIG_L_1,Q8IW41,0,2,3_2w05,2w05,FRT,30,26,198,,,,,2.682,6.005,184,0,,0.661435,0.992659,rmsd=6.0A
AF-Q8IW41-F1-model_v4_0_2,AF-Q8IW41-F1-model-v4-0-2-4-5he2-complex-refined_LIG_L_1,Q8IW41,0,2,4_5he2,5he2,F0S,41,33,249,,,,,4.219,3.161,232,0,,0.661435,0.992659,
AF-Q96GD4-F1-model_v4_0_0,AF-Q96GD4-F1-model-v4-0-0-0-2br1-complex-refined_LIG_L_1,Q96GD4,0,0,0_2br1,2br1,PFP,29,24,185,,,,,1.992,2.999,232,0,,0.801569,4.3,
AF-Q96GD4-F1-model_v4_0_0,AF-Q96GD4-F1-model-v4-0-0-1-3zya-complex-refined_LIG_L_1,Q96GD4,0,0,1_3zya,3zya,2A8,24,28,225,,,,,1.736,2.856,240,0,,0.801569,4.3,
AF-Q96GD4-F1-model_v4_0_0,AF-Q96GD4-F1-model-v4-0-0-2-4c4i-complex-refined_LIG_L_1,Q96GD4,0,0,2_4c4i,4c4i,X20,34,28,221,,,,,1.164,2.942,240,0,,0.801569,4.3,
AF-Q96GD4-F1-model_v4_0_0,AF-Q96GD4-F1-model-v4-0-0-3-6b16-complex-refined_LIG_L_1,Q96GD4,0,0,3_6b16,6b16,C7Y,27,25,196,,,,,1.625,3.545,232,0,,0.801569,4.3,
AF-Q96GD4-F1-model_v4_0_0,AF-Q96GD4-F1-model-v4-0-0-4-4l7f-complex-refined_LIG_L_1,Q96GD4,0,0,4_4l7f,4l7f,1V5,34,33,256,,,,,0.937,3.372,240,0,,0.801569,4.3,
AF-Q96GD4-F1-model_v4_0_6,AF-Q96GD4-F1-model-v4-0-6-0-3pyy-complex-refined_LIG_L_1,Q96GD4,0,6,0_3pyy,3pyy,3YY,25,24,194,,,,,3.15,3.444,232,0,,0.780526,4.74881,
AF-Q96SB4-F1-model_v4_0_2,AF-Q96SB4-F1-model-v4-0-2-0-3new-complex-refined_LIG_L_1,Q96SB4,0,2,0_3new,3new,3NE,24,26,196,,,,,2.315,3.555,136,0,,0.785958,4.62694,
AF-Q96SB4-F1-model_v4_0_2,AF-Q96SB4-F1-model-v4-0-2-1-3c5u-complex-refined_LIG_L_1,Q96SB4,0,2,1_3c5u,3c5u,P41,25,31,265,,,,,8.515,4.097,136,1,,0.785958,4.62694,offset=8.5A
AF-Q99683-F1-model_v4_1_0,AF-Q99683-F1-model-v4-1-0-0-4at5-complex-refined_LIG_L_1,Q99683,1,0,0_4at5,4at5,MUJ,27,33,247,,,,,2.851,4.015,240,0,,0.458932,0.13602,
AF-Q99683-F1-model_v4_1_0,AF-Q99683-F1-model-v4-1-0-1-3zc6-complex-refined_LIG_L_1,Q99683,1,0,1_3zc6,3zc6,VFC,33,28,197,,,,,1.918,3.063,240,0,,0.458932,0.13602,
AF-Q99683-F1-model_v4_1_0,AF-Q99683-F1-model-v4-1-0-2-4g3e-complex-refined_LIG_L_1,Q99683,1,0,2_4g3e,4g3e,0WC,27,33,251,,,,,2.052,2.84,240,0,,0.458932,0.13602,
AF-Q99683-F1-model_v4_1_0,AF-Q99683-F1-model-v4-1-0-3-3v5l-complex-refined_LIG_L_1,Q99683,1,0,3_3v5l,3v5l,0G1,31,26,173,,,,,4.54,3.191,232,0,,0.458932,0.13602,
AF-Q99683-F1-model_v4_1_0,AF-Q99683-F1-model-v4-1-0-4-5mjb-complex-refined_LIG_L_1,Q99683,1,0,4_5mjb,5mjb,7O3,23,26,191,,,,,1.401,2.983,248,0,,0.458932,0.13602,
AF-Q99683-F1-model_v4_1_1,AF-Q99683-F1-model-v4-1-1-1-6n6o-complex-refined_LIG_L_1,Q99683,1,1,1_6n6o,6n6o,KE7,38,31,221,,,,,3.768,3.034,240,0,,0.572142,0,
AF-Q99683-F1-model_v4_1_1,AF-Q99683-F1-model-v4-1-1-3-1di9-complex-refined_LIG_L_1,Q99683,1,1,3_1di9,1di9,MSQ,23,30,230,,,,,2.579,4.438,240,0,,0.572142,0,
AF-Q99683-F1-model_v4_1_1,AF-Q99683-F1-model-v4-1-1-4-3hvc-complex-refined_LIG_L_1,Q99683,1,1,4_3hvc,3hvc,GG5,18,26,203,,,,,2.724,2.733,176,0,,0.572142,0,
AF-Q9H4B4-F1-model_v4_0_0,AF-Q9H4B4-F1-model-v4-0-0-0-4gcj-complex-refined_LIG_L_1,Q9H4B4,0,0,0_4gcj,4gcj,X64,28,25,193,36,280,0.694,0.6486,0.896,4.177,248,0,1,0.52668,0.602259,
AF-Q9H4B4-F1-model_v4_0_0,AF-Q9H4B4-F1-model-v4-0-0-1-3h9o-complex-refined_LIG_L_1,Q9H4B4,0,0,1_3h9o,3h9o,9BD,27,25,191,35,270,0.714,0.6667,0.552,2.641,256,0,1,0.52668,0.602259,
AF-Q9H4B4-F1-model_v4_0_0,AF-Q9H4B4-F1-model-v4-0-0-2-6n79-complex-refined_LIG_L_1,Q9H4B4,0,0,2_6n79,6n79,KES,28,30,220,36,280,0.833,0.65,1.189,3.256,248,0,1,0.52668,0.602259,
AF-Q9H4B4-F1-model_v4_0_0,AF-Q9H4B4-F1-model-v4-0-0-3-1h1q-complex-refined_LIG_L_1,Q9H4B4,0,0,3_1h1q,1h1q,2A6,24,22,167,35,271,0.629,0.6286,0.213,2.579,264,0,1,0.52668,0.602259,
AF-Q9H4B4-F1-model_v4_0_0,AF-Q9H4B4-F1-model-v4-0-0-4-3anr-complex-refined_LIG_L_1,Q9H4B4,0,0,4_3anr,3anr,HRM,16,22,180,36,280,0.611,0.5263,4.153,3.414,216,0,1,0.52668,0.602259,
AF-Q9H4B4-F1-model_v4_0_2,AF-Q9H4B4-F1-model-v4-0-2-0-6c4d-complex-refined_LIG_L_1,Q9H4B4,0,2,0_6c4d,6c4d,EJP,33,34,259,30,228,1.133,0.4222,1.395,4.282,224,1,0,0.359066,0,
AF-Q9H4B4-F1-model_v4_0_2,AF-Q9H4B4-F1-model-v4-0-2-2-4itj-complex-refined_LIG_L_1,Q9H4B4,0,2,2_4itj,4itj,1HX,21,26,218,30,228,0.867,0.1915,3.952,4.567,232,0,0,0.359066,0,
AF-Q9H4B4-F1-model_v4_0_2,AF-Q9H4B4-F1-model-v4-0-2-3-3qc4-complex-refined_LIG_L_1,Q9H4B4,0,2,3_3qc4,3qc4,MP7,38,40,314,32,243,1.25,0.5319,0.519,2.558,264,1,0,0.359066,0,
AF-Q9H4B4-F1-model_v4_0_2,AF-Q9H4B4-F1-model-v4-0-2-4-2p4i-complex-refined_LIG_L_1,Q9H4B4,0,2,4_2p4i,2p4i,MR9,41,45,354,31,238,1.452,0.52,1.781,3.198,216,1,0,0.359066,0,
AF-Q9HBH9-F1-model_v4_0_0,AF-Q9HBH9-F1-model-v4-0-0-0-6sfj-complex-refined_LIG_L_1,Q9HBH9,0,0,0_6sfj,6sfj,LBB,37,38,297,,,,,4.095,4.51,232,1,,0.487627,0.270203,
AF-Q9HBH9-F1-model_v4_0_0,AF-Q9HBH9-F1-model-v4-0-0-1-5nk8-complex-refined_LIG_L_1,Q9HBH9,0,0,1_5nk8,5nk8,90Z,74,29,225,,,,,4.538,3.85,224,0,,0.487627,0.270203,
AF-Q9HBH9-F1-model_v4_0_0,AF-Q9HBH9-F1-model-v4-0-0-2-5xyx-complex-refined_LIG_L_1,Q9HBH9,0,0,2_5xyx,5xyx,FTZ,20,26,203,,,,,1.586,4.145,160,0,,0.487627,0.270203,
AF-Q9HBH9-F1-model_v4_0_0,AF-Q9HBH9-F1-model-v4-0-0-3-3el8-complex-refined_LIG_L_1,Q9HBH9,0,0,3_3el8,3el8,PD5,33,0,0,,,,,48.279,3.635,216,0,,0.487627,0.270203,offset=48.3A
AF-Q9HBH9-F1-model_v4_0_0,AF-Q9HBH9-F1-model-v4-0-0-4-3uol-complex-refined_LIG_L_1,Q9HBH9,0,0,4_3uol,3uol,0C7,26,24,178,,,,,4.305,3.177,224,0,,0.487627,0.270203,
AF-Q9HBH9-F1-model_v4_0_1,AF-Q9HBH9-F1-model-v4-0-1-0-5toz-complex-refined_LIG_L_1,Q9HBH9,0,1,0_5toz,5toz,7H4,21,24,181,,,,,1.809,3.613,224,0,,0.362594,0.204031,
AF-Q9HBH9-F1-model_v4_0_1,AF-Q9HBH9-F1-model-v4-0-1-1-2np8-complex-refined_LIG_L_1,Q9HBH9,0,1,1_2np8,2np8,CC3,30,28,212,,,,,3.135,2.726,232,0,,0.362594,0.204031,
AF-Q9HBH9-F1-model_v4_0_1,AF-Q9HBH9-F1-model-v4-0-1-2-5fgk-complex-refined_LIG_L_1,Q9HBH9,0,1,2_5fgk,5fgk,5XG,28,21,164,,,,,1.916,3.329,168,0,,0.362594,0.204031,
AF-Q9HBH9-F1-model_v4_0_1,AF-Q9HBH9-F1-model-v4-0-1-3-3iok-complex-refined_LIG_L_1,Q9HBH9,0,1,3_3iok,3iok,1P6,26,25,187,,,,,1.18,3.63,240,0,,0.362594,0.204031,
AF-Q9HBH9-F1-model_v4_0_1,AF-Q9HBH9-F1-model-v4-0-1-4-5uiu-complex-refined_LIG_L_1,Q9HBH9,0,1,4_5uiu,5uiu,8CG,26,23,176,,,,,2.195,4.432,208,0,,0.362594,0.204031,
AF-Q9HBH9-F1-model_v4_0_5,AF-Q9HBH9-F1-model-v4-0-5-0-5he2-complex-refined_LIG_L_1,Q9HBH9,0,5,0_5he2,5he2,F0S,41,32,263,,,,,2.029,3.288,232,1,,0.524222,1.34195,
AF-Q9HBH9-F1-model_v4_0_5,AF-Q9HBH9-F1-model-v4-0-5-1-3v01-complex-refined_LIG_L_1,Q9HBH9,0,5,1_3v01,3v01,3V0,27,25,201,,,,,3.618,4.123,232,0,,0.524222,1.34195,
AF-Q9HBH9-F1-model_v4_0_5,AF-Q9HBH9-F1-model-v4-0-5-2-3pvu-complex-refined_LIG_L_1,Q9HBH9,0,5,2_3pvu,3pvu,QRW,34,29,233,,,,,2.173,3.705,240,0,,0.524222,1.34195,
AF-Q9HBH9-F1-model_v4_0_5,AF-Q9HBH9-F1-model-v4-0-5-3-5a6n-complex-refined_LIG_L_1,Q9HBH9,0,5,3_5a6n,5a6n,U7E,15,16,123,,,,,3.882,3.124,232,0,,0.524222,1.34195,
AF-Q9HCP0-F1-model_v4_0_0,AF-Q9HCP0-F1-model-v4-0-0-0-5ml5-complex-refined_LIG_L_1,Q9HCP0,0,0,0_5ml5,5ml5,1VI,35,37,287,,,,,2.599,4.244,224,1,,0.411889,0.94316,
AF-Q9HCP0-F1-model_v4_0_0,AF-Q9HCP0-F1-model-v4-0-0-1-4eh5-complex-refined_LIG_L_1,Q9HCP0,0,0,1_4eh5,4eh5,0OM,16,23,175,,,,,2.65,4.392,216,0,,0.411889,0.94316,
AF-Q9HCP0-F1-model_v4_0_0,AF-Q9HCP0-F1-model-v4-0-0-2-2xkf-complex-refined_LIG_L_1,Q9HCP0,0,0,2_2xkf,2xkf,BX1,28,30,239,,,,,2.375,3.422,128,0,,0.411889,0.94316,
AF-Q9HCP0-F1-model_v4_0_0,AF-Q9HCP0-F1-model-v4-0-0-3-2pmn-complex-refined_LIG_L_1,Q9HCP0,0,0,3_2pmn,2pmn,K51,24,27,202,,,,,1.313,4.911,264,0,,0.411889,0.94316,
AF-Q9HCP0-F1-model_v4_0_0,AF-Q9HCP0-F1-model-v4-0-0-4-3nga-complex-refined_LIG_L_1,Q9HCP0,0,0,4_3nga,3nga,3NG,25,25,190,,,,,0.48,3.977,256,0,,0.411889,0.94316,
AF-Q9HCP0-F1-model_v4_0_1,AF-Q9HCP0-F1-model-v4-0-1-0-3vry-complex-refined_LIG_L_1,Q9HCP0,0,1,0_3vry,3vry,B43,28,29,223,,,,,2.96,3.667,240,0,,0.421896,0.377264,
AF-Q9HCP0-F1-model_v4_0_1,AF-Q9HCP0-F1-model-v4-0-1-2-4dea-complex-refined_LIG_L_1,Q9HCP0,0,1,2_4dea,4dea,NHI,26,23,169,,,,,2.315,3.287,248,0,,0.421896,0.377264,
AF-Q9HCP0-F1-model_v4_0_1,AF-Q9HCP0-F1-model-v4-0-1-4-3unj-complex-refined_LIG_L_1,Q9HCP0,0,1,4_3unj,3unj,0BX,23,27,214,,,,,2.259,4.486,168,0,,0.421896,0.377264,
AF-Q9HCP0-F1-model_v4_0_6,AF-Q9HCP0-F1-model-v4-0-6-0-6npu-complex-refined_LIG_L_1,Q9HCP0,0,6,0_6npu,6npu,KWV,17,25,203,,,,,1.538,4.089,240,0,,0.787817,3.40824,
AF-Q9HCP0-F1-model_v4_0_6,AF-Q9HCP0-F1-model-v4-0-6-1-6npv-complex-refined_LIG_L_1,Q9HCP0,0,6,1_6npv,6npv,KWP,25,26,218,,,,,1.606,4.044,240,0,,0.787817,3.40824,
AF-Q9NWZ3-F1-model_v4_0_4,AF-Q9NWZ3-F1-model-v4-0-4-0-4rqk-complex-refined_LIG_L_1,Q9NWZ3,0,4,0_4rqk,4rqk,R1S,23,19,156,,,,,3.327,3.976,248,0,,0.647889,2.74441,
AF-Q9NWZ3-F1-model_v4_0_4,AF-Q9NWZ3-F1-model-v4-0-4-1-5mrd-complex-refined_LIG_L_1,Q9NWZ3,0,4,1_5mrd,5mrd,S26,23,18,148,,,,,1.995,4.423,248,0,,0.647889,2.74441,
AF-Q9NWZ3-F1-model_v4_0_4,AF-Q9NWZ3-F1-model-v4-0-4-2-3hrf-complex-refined_LIG_L_1,Q9NWZ3,0,4,2_3hrf,3hrf,P47,20,20,161,,,,,3.003,4.269,248,0,,0.647889,2.74441,
AF-Q9NWZ3-F1-model_v4_0_4,AF-Q9NWZ3-F1-model-v4-0-4-3-5orw-complex-refined_LIG_L_1,Q9NWZ3,0,4,3_5orw,5orw,A6E,18,16,131,,,,,4.325,4.114,248,0,,0.647889,2.74441,
AF-Q9UBF8-F1-model_v4_0_0,AF-Q9UBF8-F1-model-v4-0-0-0-5t2i-complex-refined_LIG_L_1,Q9UBF8,0,0,0_5t2i,5t2i,74J,30,36,279,,,,,2.251,4.684,248,1,,0.26781,0.152634,
AF-Q9UBF8-F1-model_v4_0_0,AF-Q9UBF8-F1-model-v4-0-0-1-5itd-complex-refined_LIG_L_1,Q9UBF8,0,0,1_5itd,5itd,6CY,37,41,325,,,,,2.675,4.922,256,1,,0.26781,0.152634,
AF-Q9UBF8-F1-model_v4_0_0,AF-Q9UBF8-F1-model-v4-0-0-2-5t2g-complex-refined_LIG_L_1,Q9UBF8,0,0,2_5t2g,5t2g,74K,30,36,279,,,,,2.268,4.653,248,1,,0.26781,0.152634,
AF-Q9UBF8-F1-model_v4_0_0,AF-Q9UBF8-F1-model-v4-0-0-3-6gvi-complex-refined_LIG_L_1,Q9UBF8,0,0,3_6gvi,6gvi,FDW,24,28,214,,,,,1.206,5.091,256,0,,0.26781,0.152634,rmsd=5.1A
AF-Q9UBF8-F1-model_v4_0_0,AF-Q9UBF8-F1-model-v4-0-0-4-4xe0-complex-refined_LIG_L_1,Q9UBF8,0,0,4_4xe0,4xe0,40L,31,33,256,,,,,2.122,4.424,248,0,,0.26781,0.152634,
AF-Q9UEE5-F1-model_v4_0_0,AF-Q9UEE5-F1-model-v4-0-0-0-3r2y-complex-refined_LIG_L_1,Q9UEE5,0,0,0_3r2y,3r2y,P4O,26,26,194,,,,,0.635,2.661,232,0,,0.494171,0.338898,
AF-Q9UEE5-F1-model_v4_0_0,AF-Q9UEE5-F1-model-v4-0-0-1-3dkf-complex-refined_LIG_L_1,Q9UEE5,0,0,1_3dkf,3dkf,SX8,26,24,187,,,,,2.74,4.222,216,0,,0.494171,0.338898,
AF-Q9UEE5-F1-model_v4_0_0,AF-Q9UEE5-F1-model-v4-0-0-2-3fxw-complex-refined_LIG_L_1,Q9UEE5,0,0,2_3fxw,3fxw,F10,23,27,209,,,,,1.44,3.794,224,0,,0.494171,0.338898,
AF-Q9UEE5-F1-model_v4_0_0,AF-Q9UEE5-F1-model-v4-0-0-3-4feq-complex-refined_LIG_L_1,Q9UEE5,0,0,3_4feq,4feq,0T8,33,26,203,,,,,3.036,3.548,208,0,,0.494171,0.338898,
AF-Q9UEE5-F1-model_v4_0_0,AF-Q9UEE5-F1-model-v4-0-0-4-4obp-complex-refined_LIG_L_1,Q9UEE5,0,0,4_4obp,4obp,2QU,18,24,182,,,,,3.243,3.44,256,0,,0.494171,0.338898,
AF-Q9UEE5-F1-model_v4_0_1,AF-Q9UEE5-F1-model-v4-0-1-0-3hv6-complex-refined_LIG_L_1,Q9UEE5,0,1,0_3hv6,3hv6,R39,35,40,308,,,,,1.364,3.246,232,1,,0.222735,0,
AF-Q9UEE5-F1-model_v4_0_1,AF-Q9UEE5-F1-model-v4-0-1-1-4x7l-complex-refined_LIG_L_1,Q9UEE5,0,1,1_4x7l,4x7l,3Z4,40,37,280,,,,,1.865,3.754,232,1,,0.222735,0,
AF-Q9UEE5-F1-model_v4_0_1,AF-Q9UEE5-F1-model-v4-0-1-2-2hiw-complex-refined_LIG_L_1,Q9UEE5,0,1,2_2hiw,2hiw,7MP,33,36,274,,,,,1.147,4.148,248,1,,0.222735,0,
AF-Q9UEE5-F1-model_v4_0_1,AF-Q9UEE5-F1-model-v4-0-1-3-6npt-complex-refined_LIG_L_1,Q9UEE5,0,1,3_6npt,6npt,KWY,30,29,225,,,,,5.972,4.721,248,0,,0.222735,0,offset=6.0A
AF-Q9UEE5-F1-model_v4_0_1,AF-Q9UEE5-F1-model-v4-0-1-4-3gcq-complex-refined_LIG_L_1,Q9UEE5,0,1,4_3gcq,3gcq,1BU,38,44,364,,,,,1.626,3.072,240,1,,0.222735,0,
AF-Q9UEE5-F1-model_v4_0_3,AF-Q9UEE5-F1-model-v4-0-3-1-1w7h-complex-refined_LIG_L_1,Q9UEE5,0,3,1_1w7h,1w7h,3IP,15,27,211,,,,,2.887,3.821,240,0,,0.655904,2.01388,
AF-Q9UEE5-F1-model_v4_0_3,AF-Q9UEE5-F1-model-v4-0-3-2-3gcp-complex-refined_LIG_L_1,Q9UEE5,0,3,2_3gcp,3gcp,SB2,27,30,239,,,,,4.654,4.84,216,0,,0.655904,2.01388,
AF-Q9UEE5-F1-model_v4_0_3,AF-Q9UEE5-F1-model-v4-0-3-3-3huc-complex-refined_LIG_L_1,Q9UEE5,0,3,3_3huc,3huc,G97,27,26,205,,,,,3.161,3.515,240,0,,0.655904,2.01388,
AF-Q9UEE5-F1-model_v4_0_7,AF-Q9UEE5-F1-model-v4-0-7-0-4m0z-complex-refined_LIG_L_1,Q9UEE5,0,7,0_4m0z,4m0z,M0Z,24,30,236,,,,,2.318,4.481,232,0,,0.409123,0,
AF-Q9UM73-F1-model_v4_1_0,AF-Q9UM73-F1-model-v4-1-0-0-1pmv-complex-refined_LIG_L_1,Q9UM73,1,0,0_1pmv,1pmv,537,17,18,125,30,218,0.6,0.5,2.944,4.71,240,0,0,0.800879,6.665,
AF-Q9UM73-F1-model_v4_1_0,AF-Q9UM73-F1-model-v4-1-0-1-6g9m-complex-refined_LIG_L_1,Q9UM73,1,0,1_6g9m,6g9m,ESW,37,34,246,30,218,1.133,0.6,2.653,3.35,240,0,0,0.800879,6.665,
AF-Q9UM73-F1-model_v4_1_0,AF-Q9UM73-F1-model-v4-1-0-2-6k3l-complex-refined_LIG_L_1,Q9UM73,1,0,2_6k3l,6k3l,3NG,25,26,184,31,222,0.839,0.6286,1.495,4.705,224,0,0,0.800879,6.665,
AF-Q9UM73-F1-model_v4_1_0,AF-Q9UM73-F1-model-v4-1-0-3-5eob-complex-refined_LIG_L_1,Q9UM73,1,0,3_5eob,5eob,5QQ,29,27,199,30,214,0.9,0.7273,1.6,3.129,264,0,0,0.800879,6.665,
AF-Q9UM73-F1-model_v4_1_0,AF-Q9UM73-F1-model-v4-1-0-4-2h96-complex-refined_LIG_L_1,Q9UM73,1,0,4_2h96,2h96,893,25,23,170,31,230,0.742,0.6364,2.954,3.985,240,0,0,0.800879,6.665,
AF-Q9UM73-F1-model_v4_1_1,AF-Q9UM73-F1-model-v4-1-1-0-2osc-complex-refined_LIG_L_1,Q9UM73,1,1,0_2osc,2osc,MUH,33,37,273,38,289,0.974,0.5625,3.016,2.662,232,1,1,0.148231,0,
AF-Q9UM73-F1-model_v4_1_1,AF-Q9UM73-F1-model-v4-1-1-1-3pp1-complex-refined_LIG_L_1,Q9UM73,1,1,1_3pp1,3pp1,IZG,28,29,222,35,276,0.829,0.4884,1.506,4.375,248,0,1,0.148231,0,
AF-Q9UM73-F1-model_v4_1_1,AF-Q9UM73-F1-model-v4-1-1-3-3hv4-complex-refined_LIG_L_1,Q9UM73,1,1,3_3hv4,3hv4,L51,38,41,320,37,291,1.108,0.625,1.581,4.288,240,1,1,0.148231,0,
AF-Q9UM73-F1-model_v4_1_1,AF-Q9UM73-F1-model-v4-1-1-4-3v01-complex-refined_LIG_L_1,Q9UM73,1,1,4_3v01,3v01,3V0,27,30,233,36,283,0.833,0.5,1.481,4.414,248,0,1,0.148231,0,
